time,open,high,low,close,Volume
2025-03-16T18:00:00-04:00,19874.25,19892.25,19853.5,19863.5,1211
2025-03-16T18:05:00-04:00,19863.75,19866,19821.75,19824.25,1195
2025-03-16T18:10:00-04:00,19825,19837.5,19799,19820.5,1545
2025-03-16T18:15:00-04:00,19819.5,19825,19803,19818,783
2025-03-16T18:20:00-04:00,19818.75,19827.75,19809,19823.25,658
2025-03-16T18:25:00-04:00,19824.25,19830.5,19815,19821.25,405
2025-03-16T18:30:00-04:00,19822,19827.75,19803.5,19814.25,790
2025-03-16T18:35:00-04:00,19816.75,19821.25,19801.25,19806.75,637
2025-03-16T18:40:00-04:00,19806.5,19826.75,19804,19820.75,636
2025-03-16T18:45:00-04:00,19819.25,19820.5,19809.5,19811.5,360
2025-03-16T18:50:00-04:00,19809.25,19818.75,19783,19800,1514
2025-03-16T18:55:00-04:00,19797.5,19801.75,19765.5,19775.5,1119
2025-03-16T19:00:00-04:00,19775.25,19786,19767.75,19783.75,387
2025-03-16T19:05:00-04:00,19781.5,19784.25,19756.5,19765.5,507
2025-03-16T19:10:00-04:00,19765.75,19776,19756.75,19774,497
2025-03-16T19:15:00-04:00,19775.25,19792,19772.5,19784.25,472
2025-03-16T19:20:00-04:00,19784.25,19788.75,19779.25,19784,188
2025-03-16T19:25:00-04:00,19784,19798.25,19782.75,19794.75,196
2025-03-16T19:30:00-04:00,19796.25,19800.25,19791.25,19797.25,163
2025-03-16T19:35:00-04:00,19799,19809,19794.5,19806.5,277
2025-03-16T19:40:00-04:00,19806,19817.25,19805.5,19809.25,388
2025-03-16T19:45:00-04:00,19811,19812,19800.5,19801,226
2025-03-16T19:50:00-04:00,19801,19815.25,19789,19804.25,653
2025-03-16T19:55:00-04:00,19802,19802,19788.5,19790,300
2025-03-16T20:00:00-04:00,19792,19806,19783.75,19792.5,682
2025-03-16T20:05:00-04:00,19792.5,19797.5,19776.5,19776.5,723
2025-03-16T20:10:00-04:00,19776.25,19784.25,19775,19782.5,592
2025-03-16T20:15:00-04:00,19783,19785.25,19770.5,19777.75,530
2025-03-16T20:20:00-04:00,19778.25,19786.5,19777.5,19782.25,584
2025-03-16T20:25:00-04:00,19782.5,19794.25,19778.75,19790.5,323
2025-03-16T20:30:00-04:00,19790,19811.5,19789.5,19808.75,871
2025-03-16T20:35:00-04:00,19809.75,19821,19805.75,19810,724
2025-03-16T20:40:00-04:00,19811,19816,19804.75,19813.5,343
2025-03-16T20:45:00-04:00,19812.75,19818.5,19807.75,19817.75,435
2025-03-16T20:50:00-04:00,19818.25,19828.75,19816,19821,456
2025-03-16T20:55:00-04:00,19821.75,19826,19805.75,19807.75,468
2025-03-16T21:00:00-04:00,19808,19825,19805.25,19810.75,540
2025-03-16T21:05:00-04:00,19811,19820.75,19804.75,19818.25,384
2025-03-16T21:10:00-04:00,19820.25,19820.25,19806.75,19809.5,265
2025-03-16T21:15:00-04:00,19808.5,19823,19805.5,19821.75,318
2025-03-16T21:20:00-04:00,19821.75,19834.5,19820.5,19829.25,510
2025-03-16T21:25:00-04:00,19829.75,19830.75,19822,19822.5,189
2025-03-16T21:30:00-04:00,19823,19829.25,19817.25,19822,281
2025-03-16T21:35:00-04:00,19822.5,19827,19818.25,19821,216
2025-03-16T21:40:00-04:00,19822.5,19826.5,19815,19825,222
2025-03-16T21:45:00-04:00,19825.5,19831.5,19821,19829,331
2025-03-16T21:50:00-04:00,19828.5,19829.25,19814.25,19824.25,340
2025-03-16T21:55:00-04:00,19825,19826.75,19810,19815,380
2025-03-16T22:00:00-04:00,19815.5,19817.5,19798.25,19803,642
2025-03-16T22:05:00-04:00,19802.5,19813.75,19798.25,19810,477
2025-03-16T22:10:00-04:00,19809.25,19809.25,19798.5,19803,386
2025-03-16T22:15:00-04:00,19802.75,19816.5,19801.75,19815.25,239
2025-03-16T22:20:00-04:00,19815.5,19816.5,19809.75,19813,159
2025-03-16T22:25:00-04:00,19812.75,19816.25,19807.25,19815.25,175
2025-03-16T22:30:00-04:00,19815,19816,19810.75,19812.25,119
2025-03-16T22:35:00-04:00,19812.25,19815.25,19807.5,19814,124
2025-03-16T22:40:00-04:00,19814.75,19815.75,19809.75,19810.75,70
2025-03-16T22:45:00-04:00,19810,19814.75,19804.5,19809.75,213
2025-03-16T22:50:00-04:00,19810.25,19813.75,19806.5,19809.5,140
2025-03-16T22:55:00-04:00,19810,19817,19807.25,19808.5,360
2025-03-16T23:00:00-04:00,19807.25,19811,19794,19795.5,289
2025-03-16T23:05:00-04:00,19795.5,19803.75,19792,19801.25,291
2025-03-16T23:10:00-04:00,19800.75,19815,19795.75,19810,308
2025-03-16T23:15:00-04:00,19810,19816,19806.75,19808.5,189
2025-03-16T23:20:00-04:00,19807.25,19808.5,19798,19803,184
2025-03-16T23:25:00-04:00,19804.25,19804.25,19798.25,19800,93
2025-03-16T23:30:00-04:00,19802,19806.25,19795,19798.25,221
2025-03-16T23:35:00-04:00,19798.25,19800.25,19794.5,19799.25,78
2025-03-16T23:40:00-04:00,19798,19802,19796,19799,120
2025-03-16T23:45:00-04:00,19800.25,19809.5,19800,19807.5,158
2025-03-16T23:50:00-04:00,19807.25,19807.5,19794.5,19795,197
2025-03-16T23:55:00-04:00,19794.75,19798.75,19789.25,19792.25,252
2025-03-17T00:00:00-04:00,19790.5,19805.25,19790.25,19801.25,173
2025-03-17T00:05:00-04:00,19801.5,19812,19793.75,19802.25,478
2025-03-17T00:10:00-04:00,19801.5,19810.75,19800.25,19810.5,149
2025-03-17T00:15:00-04:00,19808.75,19812.5,19803.75,19807,190
2025-03-17T00:20:00-04:00,19807.75,19811.25,19805.5,19807.25,117
2025-03-17T00:25:00-04:00,19807.5,19807.5,19796.75,19797.75,204
2025-03-17T00:30:00-04:00,19797.5,19800.5,19796,19799.75,101
2025-03-17T00:35:00-04:00,19799.25,19810.75,19799.25,19808.25,159
2025-03-17T00:40:00-04:00,19807.75,19808.25,19801,19804.75,96
2025-03-17T00:45:00-04:00,19806,19806.5,19802.5,19803.25,66
2025-03-17T00:50:00-04:00,19803.75,19808.5,19803.75,19808.25,70
2025-03-17T00:55:00-04:00,19808,19808,19797.75,19801,137
2025-03-17T01:00:00-04:00,19801.5,19802.75,19791.25,19793.5,166
2025-03-17T01:05:00-04:00,19793,19797.75,19791,19794.25,147
2025-03-17T01:10:00-04:00,19794.75,19799.75,19793,19795.75,117
2025-03-17T01:15:00-04:00,19796.5,19804.75,19795.75,19803.25,145
2025-03-17T01:20:00-04:00,19803.5,19804.25,19799,19801.25,83
2025-03-17T01:25:00-04:00,19800.75,19803.75,19800,19802,53
2025-03-17T01:30:00-04:00,19802,19806,19801.5,19804.25,97
2025-03-17T01:35:00-04:00,19803.75,19804.5,19799,19801,81
2025-03-17T01:40:00-04:00,19801,19801.25,19795.5,19798.75,85
2025-03-17T01:45:00-04:00,19799.75,19802,19794.5,19802,98
2025-03-17T01:50:00-04:00,19802.25,19802.5,19798,19799.75,62
2025-03-17T01:55:00-04:00,19800,19801.25,19798.5,19799.75,34
2025-03-17T02:00:00-04:00,19800,19807.75,19798.25,19801.5,201
2025-03-17T02:05:00-04:00,19801.5,19802.75,19795.25,19796,109
2025-03-17T02:10:00-04:00,19795.75,19799.25,19791.5,19797,139
2025-03-17T02:15:00-04:00,19797.5,19797.5,19779.25,19781.25,253
2025-03-17T02:20:00-04:00,19780.5,19781,19768,19775.75,462
2025-03-17T02:25:00-04:00,19775.75,19784.75,19769.25,19776.25,340
2025-03-17T02:30:00-04:00,19775.75,19779.75,19772.75,19775.5,170
2025-03-17T02:35:00-04:00,19774.25,19780.75,19774.25,19780.25,120
2025-03-17T02:40:00-04:00,19781,19783.5,19778.75,19781.25,133
2025-03-17T02:45:00-04:00,19779.75,19788,19778.25,19783,177
2025-03-17T02:50:00-04:00,19783,19785.25,19780.25,19781.5,116
2025-03-17T02:55:00-04:00,19782.25,19784.25,19780.75,19783.5,75
2025-03-17T03:00:00-04:00,19783,19784,19769.75,19776.5,376
2025-03-17T03:05:00-04:00,19775.5,19778.5,19771.75,19776.5,172
2025-03-17T03:10:00-04:00,19775.75,19779,19767.75,19777,215
2025-03-17T03:15:00-04:00,19778,19780.75,19760.75,19765,356
2025-03-17T03:20:00-04:00,19765.5,19774.5,19761.5,19773,283
2025-03-17T03:25:00-04:00,19772.75,19787.25,19771.5,19782,297
2025-03-17T03:30:00-04:00,19781.5,19786.25,19775,19782,201
2025-03-17T03:35:00-04:00,19782.5,19782.5,19761,19766.25,491
2025-03-17T03:40:00-04:00,19766.5,19773,19764,19772,292
2025-03-17T03:45:00-04:00,19772.25,19785,19772,19778.75,392
2025-03-17T03:50:00-04:00,19780.25,19795.5,19776.75,19789.5,444
2025-03-17T03:55:00-04:00,19789.25,19806,19783.75,19798,479
2025-03-17T04:00:00-04:00,19799,19805,19786.5,19791.5,795
2025-03-17T04:05:00-04:00,19790.75,19801.75,19781.75,19799.25,565
2025-03-17T04:10:00-04:00,19800.5,19809.5,19793.5,19807,625
2025-03-17T04:15:00-04:00,19806.25,19812.5,19786,19794.25,517
2025-03-17T04:20:00-04:00,19796,19815.5,19792.75,19815.25,665
2025-03-17T04:25:00-04:00,19814,19823.5,19813,19818,517
2025-03-17T04:30:00-04:00,19819.5,19819.75,19800.75,19805.5,584
2025-03-17T04:35:00-04:00,19806,19819.5,19804.5,19817.5,354
2025-03-17T04:40:00-04:00,19819,19821.75,19812.25,19819.5,339
2025-03-17T04:45:00-04:00,19819.5,19828.5,19816.5,19825.5,497
2025-03-17T04:50:00-04:00,19825.75,19828,19819.5,19826.25,313
2025-03-17T04:55:00-04:00,19826.25,19833.75,19819.25,19826.5,314
2025-03-17T05:00:00-04:00,19824.75,19831.5,19815,19827,487
2025-03-17T05:05:00-04:00,19828,19835.75,19817.5,19818.5,467
2025-03-17T05:10:00-04:00,19817,19823.75,19812.75,19823.75,303
2025-03-17T05:15:00-04:00,19823.25,19823.25,19810.5,19815.75,320
2025-03-17T05:20:00-04:00,19817.25,19828.5,19813.25,19817,455
2025-03-17T05:25:00-04:00,19815.75,19829.5,19813.25,19828,302
2025-03-17T05:30:00-04:00,19827.75,19837,19819.5,19830.25,454
2025-03-17T05:35:00-04:00,19829.5,19835.75,19820.75,19835.75,341
2025-03-17T05:40:00-04:00,19836,19837.5,19829,19830.25,490
2025-03-17T05:45:00-04:00,19829.75,19842.5,19825.25,19838,494
2025-03-17T05:50:00-04:00,19839.25,19841,19827.75,19832.5,284
2025-03-17T05:55:00-04:00,19832,19835.25,19827.25,19831.25,264
2025-03-17T06:00:00-04:00,19830.5,19836,19823,19836,370
2025-03-17T06:05:00-04:00,19835.5,19848,19830.5,19846,446
2025-03-17T06:10:00-04:00,19847,19857.75,19841.25,19854.75,666
2025-03-17T06:15:00-04:00,19854.75,19857.5,19848.25,19857.25,340
2025-03-17T06:20:00-04:00,19856.5,19859.5,19849.75,19856,504
2025-03-17T06:25:00-04:00,19855.75,19861,19850.75,19859.25,259
2025-03-17T06:30:00-04:00,19859,19864,19852,19863.25,309
2025-03-17T06:35:00-04:00,19863,19873.5,19860.5,19872.5,540
2025-03-17T06:40:00-04:00,19872,19876,19858,19859.5,958
2025-03-17T06:45:00-04:00,19859.75,19890,19859.75,19889.75,592
2025-03-17T06:50:00-04:00,19889.25,19894.75,19884.75,19887.5,616
2025-03-17T06:55:00-04:00,19887.25,19894,19885.75,19886.25,243
2025-03-17T07:00:00-04:00,19885,19907.5,19883.5,19904.75,651
2025-03-17T07:05:00-04:00,19904.5,19904.75,19894.75,19901,467
2025-03-17T07:10:00-04:00,19900,19909,19899.75,19905.5,316
2025-03-17T07:15:00-04:00,19904.75,19918.5,19900,19916.5,542
2025-03-17T07:20:00-04:00,19916,19923,19907.75,19911,580
2025-03-17T07:25:00-04:00,19912,19913.75,19901.25,19904.25,564
2025-03-17T07:30:00-04:00,19904.25,19907,19891,19895.5,1512
2025-03-17T07:35:00-04:00,19895.75,19910.75,19892.5,19907.25,555
2025-03-17T07:40:00-04:00,19908,19920.25,19902,19902.25,719
2025-03-17T07:45:00-04:00,19902.5,19905.75,19889.5,19890.5,1047
2025-03-17T07:50:00-04:00,19891.5,19900.5,19885.25,19897.25,597
2025-03-17T07:55:00-04:00,19897.75,19901,19887.5,19888.75,428
2025-03-17T08:00:00-04:00,19889.25,19894,19873,19875,965
2025-03-17T08:05:00-04:00,19874.5,19879.5,19866.25,19879.25,804
2025-03-17T08:10:00-04:00,19879.75,19890,19876,19882,566
2025-03-17T08:15:00-04:00,19883.25,19884.75,19872.75,19881.25,360
2025-03-17T08:20:00-04:00,19881.75,19894.5,19877,19885.25,553
2025-03-17T08:25:00-04:00,19885.25,19888.5,19875,19875,527
2025-03-17T08:30:00-04:00,19888.25,19951,19866.25,19944.75,3233
2025-03-17T08:35:00-04:00,19944.25,19955.5,19924.25,19954,1981
2025-03-17T08:40:00-04:00,19954,19984.5,19944,19973.25,2493
2025-03-17T08:45:00-04:00,19973.25,19981,19959.75,19961.5,1221
2025-03-17T08:50:00-04:00,19961,19972.5,19954,19960.25,1280
2025-03-17T08:55:00-04:00,19961,19972.5,19947.5,19958.75,907
2025-03-17T09:00:00-04:00,19957.25,19960,19925.5,19926.5,1743
2025-03-17T09:05:00-04:00,19926.5,19948,19919.25,19946.25,1154
2025-03-17T09:10:00-04:00,19947,19952,19935.25,19942,771
2025-03-17T09:15:00-04:00,19941.75,19941.75,19920.5,19922.75,910
2025-03-17T09:20:00-04:00,19923.5,19923.5,19911.5,19912,1065
2025-03-17T09:25:00-04:00,19911.5,19917.25,19890.5,19908.25,2075
2025-03-17T09:30:00-04:00,19908.75,19966,19889.25,19964,10796
2025-03-17T09:35:00-04:00,19963.75,20034.5,19952,20029.5,8327
2025-03-17T09:40:00-04:00,20029.75,20053.75,20011.5,20018,6405
2025-03-17T09:45:00-04:00,20018,20033.75,19950,19959,7385
2025-03-17T09:50:00-04:00,19959.5,20022.5,19933,20013.75,8037
2025-03-17T09:55:00-04:00,20015.5,20025,19980,19995,4948
2025-03-17T10:00:00-04:00,19996,19998.5,19927.5,19949,8081
2025-03-17T10:05:00-04:00,19950.5,19993.5,19929,19971,6298
2025-03-17T10:10:00-04:00,19970.5,20023.25,19961,20016,6154
2025-03-17T10:15:00-04:00,20016.25,20020.25,19976,19995,4307
2025-03-17T10:20:00-04:00,19995.25,20012,19976.5,19985.25,3389
2025-03-17T10:25:00-04:00,19984.5,20005,19920.25,19922,6250
2025-03-17T10:30:00-04:00,19923.25,19940.25,19897,19916.75,6981
2025-03-17T10:35:00-04:00,19917.75,19950,19882,19945.75,5942
2025-03-17T10:40:00-04:00,19945.5,19964.25,19926.25,19956.5,4375
2025-03-17T10:45:00-04:00,19956.75,19962,19929.5,19954,2892
2025-03-17T10:50:00-04:00,19955,19956.25,19907.5,19912,2944
2025-03-17T10:55:00-04:00,19911.5,19911.75,19877.25,19894,3570
2025-03-17T11:00:00-04:00,19892.25,19917,19860.25,19873.75,4183
2025-03-17T11:05:00-04:00,19874.75,19889.75,19861,19884.75,2671
2025-03-17T11:10:00-04:00,19887,19910.75,19865.75,19905.5,2885
2025-03-17T11:15:00-04:00,19906.5,19937.75,19884.5,19932.75,2974
2025-03-17T11:20:00-04:00,19934,19940.5,19917.5,19922.5,2250
2025-03-17T11:25:00-04:00,19922.25,19929,19883.25,19887,2587
2025-03-17T11:30:00-04:00,19888,19906.25,19834.75,19851.25,3794
2025-03-17T11:35:00-04:00,19851.5,19880,19845.5,19857.5,3280
2025-03-17T11:40:00-04:00,19858.25,19867.5,19841.5,19859.75,2008
2025-03-17T11:45:00-04:00,19859.5,19891,19852.25,19889,2741
2025-03-17T11:50:00-04:00,19888.25,19905.5,19874.25,19901.5,2250
2025-03-17T11:55:00-04:00,19902.25,19907.75,19879,19887.5,2321
2025-03-17T12:00:00-04:00,19888.25,19901.75,19862.5,19899.75,2700
2025-03-17T12:05:00-04:00,19899.25,19942.25,19898.75,19935.75,3013
2025-03-17T12:10:00-04:00,19936.5,19951,19922.75,19935.5,2566
2025-03-17T12:15:00-04:00,19936.25,19942.5,19904.75,19912.75,2378
2025-03-17T12:20:00-04:00,19912.5,19915,19874.5,19889.75,2714
2025-03-17T12:25:00-04:00,19889.25,19899.5,19866.75,19875,2137
2025-03-17T12:30:00-04:00,19874.5,19897.5,19869.5,19887.75,2083
2025-03-17T12:35:00-04:00,19888.5,19918,19882.25,19898.5,3038
2025-03-17T12:40:00-04:00,19898.5,19900.25,19862.5,19877.75,2247
2025-03-17T12:45:00-04:00,19878.75,19901.25,19860.75,19898.75,2341
2025-03-17T12:50:00-04:00,19899.25,19917.5,19883,19913.75,2738
2025-03-17T12:55:00-04:00,19913,19921,19892,19905.25,2224
2025-03-17T13:00:00-04:00,19904.5,19912.5,19879.25,19885.5,2286
2025-03-17T13:05:00-04:00,19883.75,19926.5,19883.75,19918.5,2602
2025-03-17T13:10:00-04:00,19918.75,19929.75,19905.75,19928.25,1701
2025-03-17T13:15:00-04:00,19928.75,19933,19917,19925.5,1584
2025-03-17T13:20:00-04:00,19926,19952.5,19913,19947.5,2451
2025-03-17T13:25:00-04:00,19948.5,19977.25,19946.25,19967.5,3369
2025-03-17T13:30:00-04:00,19967,19985,19956,19984.25,2456
2025-03-17T13:35:00-04:00,19984.75,20011,19976.25,20005.25,4770
2025-03-17T13:40:00-04:00,20005.5,20031,20004.75,20022.25,3113
2025-03-17T13:45:00-04:00,20022.75,20030.5,20004,20028.75,2871
2025-03-17T13:50:00-04:00,20028.75,20039.5,20025.5,20035.25,2893
2025-03-17T13:55:00-04:00,20034.5,20037.5,20018.75,20022,2261
2025-03-17T14:00:00-04:00,20021.75,20061,20020.75,20033,4953
2025-03-17T14:05:00-04:00,20034.25,20057,20030.25,20051.75,2666
2025-03-17T14:10:00-04:00,20051,20088,20041,20082.5,4458
2025-03-17T14:15:00-04:00,20082.5,20105.75,20073.5,20100,6049
2025-03-17T14:20:00-04:00,20099.5,20107.5,20085.75,20102.75,4723
2025-03-17T14:25:00-04:00,20103.5,20129.25,20102.5,20123.75,3197
2025-03-17T14:30:00-04:00,20124,20145.25,20116,20144.25,3230
2025-03-17T14:35:00-04:00,20144,20144.75,20118.5,20137.5,3145
2025-03-17T14:40:00-04:00,20137.75,20144,20122,20133.5,2252
2025-03-17T14:45:00-04:00,20133.75,20164.25,20130.5,20155.25,3773
2025-03-17T14:50:00-04:00,20155.25,20165.25,20145.75,20150.25,3351
2025-03-17T14:55:00-04:00,20149.5,20163.25,20141.25,20143.5,2421
2025-03-17T15:00:00-04:00,20142.75,20150.5,20120,20129,3895
2025-03-17T15:05:00-04:00,20128,20148.5,20121,20124.5,2813
2025-03-17T15:10:00-04:00,20124.25,20133.25,20111.75,20126.25,3192
2025-03-17T15:15:00-04:00,20126.75,20128,20111.25,20118.5,1702
2025-03-17T15:20:00-04:00,20118.5,20132,20116.25,20122,2664
2025-03-17T15:25:00-04:00,20122.25,20127.5,20107.75,20124,2616
2025-03-17T15:30:00-04:00,20123.5,20137,20108.5,20110,2882
2025-03-17T15:35:00-04:00,20110.25,20128,20106.25,20120,2175
2025-03-17T15:40:00-04:00,20120.25,20124,20105.25,20120.5,2429
2025-03-17T15:45:00-04:00,20120,20126,20105.75,20113.25,2713
2025-03-17T15:50:00-04:00,20112.25,20121.75,20065.75,20078.5,5531
2025-03-17T15:55:00-04:00,20077.75,20077.75,20032,20037.75,13788
2025-03-17T16:00:00-04:00,20038.5,20040.25,20006.5,20025.25,5037
2025-03-17T16:05:00-04:00,20025.75,20033.5,20018.5,20024,2097
2025-03-17T16:10:00-04:00,20024.25,20031,20015.25,20022.25,1103
2025-03-17T16:15:00-04:00,20022.75,20023.25,20015.75,20023.25,571
2025-03-17T16:20:00-04:00,20023.25,20034.25,20020.5,20029.25,756
2025-03-17T16:25:00-04:00,20030.25,20042,20026,20041.25,544
2025-03-17T16:30:00-04:00,20041.75,20041.75,20034,20039.25,325
2025-03-17T16:35:00-04:00,20039,20044.5,20038.25,20043.5,321
2025-03-17T16:40:00-04:00,20043.5,20043.5,20032.75,20034.25,259
2025-03-17T16:45:00-04:00,20033.75,20039.5,20026.75,20036.75,393
2025-03-17T16:50:00-04:00,20036.75,20039.25,20035,20038.5,215
2025-03-17T16:55:00-04:00,20039.25,20039.75,20034,20037.25,299
2025-03-17T18:00:00-04:00,20041,20054.75,20033.25,20052.75,360
2025-03-17T18:05:00-04:00,20050.75,20057.5,20047.5,20055,530
2025-03-17T18:10:00-04:00,20054.5,20062.5,20053.75,20057.75,665
2025-03-17T18:15:00-04:00,20057.5,20058.5,20052,20054.75,436
2025-03-17T18:20:00-04:00,20053.5,20054.25,20043.25,20052.75,690
2025-03-17T18:25:00-04:00,20054.25,20063,20052.25,20056,615
2025-03-17T18:30:00-04:00,20057.25,20065.5,20056.5,20062.25,562
2025-03-17T18:35:00-04:00,20062,20066.5,20059.75,20063.5,313
2025-03-17T18:40:00-04:00,20062.5,20065.25,20058.5,20062,184
2025-03-17T18:45:00-04:00,20062.75,20065,20055.5,20059.25,190
2025-03-17T18:50:00-04:00,20058.75,20062.75,20057.5,20058.5,139
2025-03-17T18:55:00-04:00,20058.5,20060.25,20052,20058.25,245
2025-03-17T19:00:00-04:00,20058.25,20061,20048.5,20051.5,288
2025-03-17T19:05:00-04:00,20052,20053.5,20044,20046.75,260
2025-03-17T19:10:00-04:00,20047.25,20050,20028.75,20029.25,714
2025-03-17T19:15:00-04:00,20029,20040.25,20025,20032.25,583
2025-03-17T19:20:00-04:00,20032.25,20038,20031,20034.5,411
2025-03-17T19:25:00-04:00,20034.75,20037.25,20031.75,20034.5,134
2025-03-17T19:30:00-04:00,20034.5,20039.5,20032.25,20034.5,219
2025-03-17T19:35:00-04:00,20036,20039.25,20034,20034,86
2025-03-17T19:40:00-04:00,20034,20037.75,20029,20034.75,204
2025-03-17T19:45:00-04:00,20035,20043.25,20035,20036.25,203
2025-03-17T19:50:00-04:00,20037,20038.5,20029.5,20035.5,167
2025-03-17T19:55:00-04:00,20034.25,20036,20027.75,20029,119
2025-03-17T20:00:00-04:00,20028.5,20036.5,20018.75,20030.5,510
2025-03-17T20:05:00-04:00,20029.75,20030,20011.75,20014.25,517
2025-03-17T20:10:00-04:00,20014.75,20021,20007.5,20019.75,453
2025-03-17T20:15:00-04:00,20020,20024,20005,20007.25,441
2025-03-17T20:20:00-04:00,20007.5,20014.25,19999.25,20004,413
2025-03-17T20:25:00-04:00,20004.75,20005.75,19990.75,20003,609
2025-03-17T20:30:00-04:00,20003.75,20012.75,20001.25,20004.5,321
2025-03-17T20:35:00-04:00,20005.25,20005.25,19995.75,20000.75,231
2025-03-17T20:40:00-04:00,20001,20007,19999.5,20002.5,118
2025-03-17T20:45:00-04:00,20001.75,20008,20001.25,20006.25,138
2025-03-17T20:50:00-04:00,20005.25,20008.25,19999.25,20004.75,180
2025-03-17T20:55:00-04:00,20004.5,20008.5,19996.75,20003.75,365
2025-03-17T21:00:00-04:00,20004.25,20005.25,19995.75,20002,315
2025-03-17T21:05:00-04:00,20002.75,20015.25,20002.75,20012.25,353
2025-03-17T21:10:00-04:00,20013,20016.5,20003.25,20011,477
2025-03-17T21:15:00-04:00,20011,20012.75,19987.25,19999.25,776
2025-03-17T21:20:00-04:00,19999,20002.25,19995,19999.5,266
2025-03-17T21:25:00-04:00,19999.5,20002.5,19997,19999,152
2025-03-17T21:30:00-04:00,19998.5,19998.5,19975,19980.5,582
2025-03-17T21:35:00-04:00,19979.75,19981.75,19969.5,19973,469
2025-03-17T21:40:00-04:00,19972.75,19977.5,19966.25,19968.5,396
2025-03-17T21:45:00-04:00,19969,19974.75,19959.25,19963,362
2025-03-17T21:50:00-04:00,19963.25,19966,19961.25,19963.5,148
2025-03-17T21:55:00-04:00,19962.5,19963.75,19953.25,19959.5,322
2025-03-17T22:00:00-04:00,19959,19969.5,19956,19966.75,255
2025-03-17T22:05:00-04:00,19968.25,19973.25,19967.25,19967.75,249
2025-03-17T22:10:00-04:00,19968.5,19970.25,19959.5,19969.25,253
2025-03-17T22:15:00-04:00,19968.5,19973.25,19964,19965.75,222
2025-03-17T22:20:00-04:00,19965,19973,19962.75,19965.75,212
2025-03-17T22:25:00-04:00,19965.25,19972,19962.75,19966.25,201
2025-03-17T22:30:00-04:00,19964.75,19973.75,19963.5,19971.5,190
2025-03-17T22:35:00-04:00,19971.75,19977.5,19970.75,19977.5,195
2025-03-17T22:40:00-04:00,19976.5,19976.5,19969.5,19972,91
2025-03-17T22:45:00-04:00,19972.25,19976.25,19971.5,19975,98
2025-03-17T22:50:00-04:00,19975.5,19977,19970.75,19975.5,116
2025-03-17T22:55:00-04:00,19975.25,19975.25,19969,19970.5,102
2025-03-17T23:00:00-04:00,19970.25,19975,19967.25,19969,110
2025-03-17T23:05:00-04:00,19968.5,19969.25,19947.75,19958.5,530
2025-03-17T23:10:00-04:00,19958.75,19961.25,19957.5,19959.75,99
2025-03-17T23:15:00-04:00,19961,19961,19942.5,19951.75,299
2025-03-17T23:20:00-04:00,19951.75,19954.75,19948.75,19953.5,135
2025-03-17T23:25:00-04:00,19951.5,19951.5,19948,19951.5,72
2025-03-17T23:30:00-04:00,19952,19955.5,19949.5,19952.25,129
2025-03-17T23:35:00-04:00,19951.25,19953.25,19946.25,19950.75,146
2025-03-17T23:40:00-04:00,19951.5,19953.5,19946.25,19947.75,136
2025-03-17T23:45:00-04:00,19947.75,19949,19934,19943.25,463
2025-03-17T23:50:00-04:00,19943,19945.25,19938.25,19944,147
2025-03-17T23:55:00-04:00,19945,19947.75,19940.5,19941,149
2025-03-18T00:00:00-04:00,19940.25,19945.75,19939.25,19942.5,96
2025-03-18T00:05:00-04:00,19943.5,19950,19943.5,19946.25,149
2025-03-18T00:10:00-04:00,19945.25,19952.75,19944.5,19951,153
2025-03-18T00:15:00-04:00,19950.25,19956.25,19949.5,19953.75,130
2025-03-18T00:20:00-04:00,19954.25,19954.75,19946,19947.75,113
2025-03-18T00:25:00-04:00,19947,19948,19943.75,19945.75,75
2025-03-18T00:30:00-04:00,19946.5,19947.75,19941,19943.5,59
2025-03-18T00:35:00-04:00,19944,19944.5,19929.5,19938,233
2025-03-18T00:40:00-04:00,19937.5,19938,19920.75,19928.5,689
2025-03-18T00:45:00-04:00,19929.25,19932.75,19924.75,19932,149
2025-03-18T00:50:00-04:00,19932.5,19935.25,19931.5,19933.5,107
2025-03-18T00:55:00-04:00,19933.75,19934.25,19925,19928.5,168
2025-03-18T01:00:00-04:00,19929,19939,19928.5,19936.5,130
2025-03-18T01:05:00-04:00,19937.25,19940.5,19934.25,19939.5,100
2025-03-18T01:10:00-04:00,19938.5,19944,19938,19939.25,143
2025-03-18T01:15:00-04:00,19939.75,19943,19934,19937.25,125
2025-03-18T01:20:00-04:00,19936.5,19938,19935,19935.25,65
2025-03-18T01:25:00-04:00,19935.5,19939.5,19932.75,19933.75,89
2025-03-18T01:30:00-04:00,19935.75,19935.75,19930.5,19934.25,173
2025-03-18T01:35:00-04:00,19933,19937,19932.25,19935.25,94
2025-03-18T01:40:00-04:00,19936.25,19937.25,19933.25,19936,63
2025-03-18T01:45:00-04:00,19936.5,19952.25,19936,19950.75,316
2025-03-18T01:50:00-04:00,19950.75,19952.5,19944.75,19952.25,207
2025-03-18T01:55:00-04:00,19952.5,19954.25,19948.25,19951.5,1030
2025-03-18T02:00:00-04:00,19950.5,19954,19941,19946.5,365
2025-03-18T02:05:00-04:00,19946.25,19948.75,19945.25,19947,103
2025-03-18T02:10:00-04:00,19947.25,19955.25,19944,19950.75,477
2025-03-18T02:15:00-04:00,19951.5,19956,19949.25,19955,274
2025-03-18T02:20:00-04:00,19955.75,19966.75,19955,19963.5,387
2025-03-18T02:25:00-04:00,19963.5,19971,19962,19969.75,228
2025-03-18T02:30:00-04:00,19971,19972,19963.25,19971.5,268
2025-03-18T02:35:00-04:00,19971.5,19971.5,19958.25,19963.75,166
2025-03-18T02:40:00-04:00,19963.75,19976.25,19963.75,19973.5,224
2025-03-18T02:45:00-04:00,19974.5,19976.5,19969.75,19976,189
2025-03-18T02:50:00-04:00,19976.25,19980.25,19974.25,19976,210
2025-03-18T02:55:00-04:00,19975.5,19978,19974,19975.25,173
2025-03-18T03:00:00-04:00,19975.5,19976.25,19965.5,19968.25,438
2025-03-18T03:05:00-04:00,19967,19979.5,19967,19977.75,205
2025-03-18T03:10:00-04:00,19978.25,19979.5,19962,19965,314
2025-03-18T03:15:00-04:00,19964.25,19969.25,19962.75,19966.25,110
2025-03-18T03:20:00-04:00,19967,19970,19961,19966.5,254
2025-03-18T03:25:00-04:00,19966.75,19986.75,19965.5,19984.25,726
2025-03-18T03:30:00-04:00,19984.25,19989,19976.5,19986,364
2025-03-18T03:35:00-04:00,19986,19988.25,19980.25,19985.75,320
2025-03-18T03:40:00-04:00,19985.5,19985.5,19978.5,19981.5,134
2025-03-18T03:45:00-04:00,19980.75,19981,19974.25,19978.25,244
2025-03-18T03:50:00-04:00,19978,19985.5,19976.5,19977.5,144
2025-03-18T03:55:00-04:00,19978,19985,19973,19980.25,244
2025-03-18T04:00:00-04:00,19980.75,19985,19968.5,19976,932
2025-03-18T04:05:00-04:00,19974.5,19996.5,19973.75,19995,568
2025-03-18T04:10:00-04:00,19995.25,20003.25,19991.25,20003.25,494
2025-03-18T04:15:00-04:00,20003,20013.5,20001.5,20013,636
2025-03-18T04:20:00-04:00,20013.75,20023,20007.5,20014,505
2025-03-18T04:25:00-04:00,20012.75,20019.25,20006.25,20016.25,440
2025-03-18T04:30:00-04:00,20016.25,20033,20014,20028,831
2025-03-18T04:35:00-04:00,20026.5,20038.5,20023.25,20038.5,715
2025-03-18T04:40:00-04:00,20037.75,20038.25,20016.25,20016.75,653
2025-03-18T04:45:00-04:00,20016,20018.25,20006.5,20011,493
2025-03-18T04:50:00-04:00,20011.25,20014.75,20006.25,20009.5,386
2025-03-18T04:55:00-04:00,20009.75,20024.5,20005.25,20024,455
2025-03-18T05:00:00-04:00,20024.75,20031,20015.75,20022,517
2025-03-18T05:05:00-04:00,20022.25,20024.75,20013.25,20020.75,297
2025-03-18T05:10:00-04:00,20020,20023.75,20017.5,20022.25,311
2025-03-18T05:15:00-04:00,20022.75,20037.5,20021.5,20033.75,400
2025-03-18T05:20:00-04:00,20034,20034.25,20019.75,20020.25,345
2025-03-18T05:25:00-04:00,20020,20025,20012.75,20021.25,651
2025-03-18T05:30:00-04:00,20022,20025.75,20011.25,20014.25,628
2025-03-18T05:35:00-04:00,20014.5,20016.75,20001.25,20001.75,1089
2025-03-18T05:40:00-04:00,20002.75,20006.5,19994.25,20004.25,563
2025-03-18T05:45:00-04:00,20003.75,20007,19994.75,20000.5,485
2025-03-18T05:50:00-04:00,20000.5,20004.5,19993.5,20001.5,529
2025-03-18T05:55:00-04:00,20001,20003.5,19978,19981,865
2025-03-18T06:00:00-04:00,19980.25,19985.75,19966.25,19973.5,667
2025-03-18T06:05:00-04:00,19974.5,19977.25,19947.75,19953,1098
2025-03-18T06:10:00-04:00,19953.25,19963.5,19945.25,19963,2160
2025-03-18T06:15:00-04:00,19962.5,19964.25,19922.5,19937,1578
2025-03-18T06:20:00-04:00,19938.75,19966.75,19932,19964,1363
2025-03-18T06:25:00-04:00,19964.5,19973.5,19962.25,19967,709
2025-03-18T06:30:00-04:00,19968,19968.25,19937.5,19946.5,1416
2025-03-18T06:35:00-04:00,19947,19960.25,19945.75,19959.25,630
2025-03-18T06:40:00-04:00,19959.5,19969.5,19958.25,19966.75,480
2025-03-18T06:45:00-04:00,19968,19976,19964.5,19972.25,536
2025-03-18T06:50:00-04:00,19973.25,19978.5,19964.5,19978,382
2025-03-18T06:55:00-04:00,19977.25,19984.75,19967.75,19981.5,488
2025-03-18T07:00:00-04:00,19981.75,19984.5,19967,19968.25,448
2025-03-18T07:05:00-04:00,19968.75,19978.5,19965.5,19974,441
2025-03-18T07:10:00-04:00,19973.5,19997.75,19963.25,19982.25,1842
2025-03-18T07:15:00-04:00,19982.5,19986.25,19967,19978.25,619
2025-03-18T07:20:00-04:00,19978.25,19984,19971.25,19972.25,433
2025-03-18T07:25:00-04:00,19972.5,19974.5,19955.25,19955.75,517
2025-03-18T07:30:00-04:00,19956.25,19956.75,19946.25,19946.5,705
2025-03-18T07:35:00-04:00,19947.25,19953.25,19934.5,19935.25,784
2025-03-18T07:40:00-04:00,19935.25,19946.25,19929.5,19943.75,1080
2025-03-18T07:45:00-04:00,19945.25,19965.25,19944,19963,841
2025-03-18T07:50:00-04:00,19963.25,19970.75,19960.5,19968.5,1053
2025-03-18T07:55:00-04:00,19969,19979.75,19968.75,19971.25,880
2025-03-18T08:00:00-04:00,19970,19970,19945.75,19951,973
2025-03-18T08:05:00-04:00,19950.25,19957.75,19934.5,19938.25,882
2025-03-18T08:10:00-04:00,19939.75,19952.5,19933.5,19951.5,699
2025-03-18T08:15:00-04:00,19950.5,19951.75,19933,19940,590
2025-03-18T08:20:00-04:00,19940,19950.75,19934,19945.25,640
2025-03-18T08:25:00-04:00,19945.25,19964.75,19943.5,19961,849
2025-03-18T08:30:00-04:00,19960.75,19976.5,19951.75,19970.25,1329
2025-03-18T08:35:00-04:00,19970,19970,19941,19946,1194
2025-03-18T08:40:00-04:00,19944.5,19952.5,19937.25,19948.5,799
2025-03-18T08:45:00-04:00,19948.25,19958.5,19935.25,19940.25,799
2025-03-18T08:50:00-04:00,19940.75,19944,19930.25,19938,699
2025-03-18T08:55:00-04:00,19938.25,19938.5,19901,19905.25,2214
2025-03-18T09:00:00-04:00,19904.75,19915,19886.5,19895,2684
2025-03-18T09:05:00-04:00,19894.75,19917.25,19889.25,19917.25,1333
2025-03-18T09:10:00-04:00,19916.75,19919,19909.25,19912.25,864
2025-03-18T09:15:00-04:00,19913.25,19930,19903,19919.25,2111
2025-03-18T09:20:00-04:00,19918.25,19920.75,19885.5,19893.5,2014
2025-03-18T09:25:00-04:00,19893.25,19909.25,19888.25,19897,2314
2025-03-18T09:30:00-04:00,19898,19900.25,19837,19843.75,11150
2025-03-18T09:35:00-04:00,19844,19844,19767,19783,11710
2025-03-18T09:40:00-04:00,19781,19803.75,19708.5,19712.25,11979
2025-03-18T09:45:00-04:00,19711.75,19747.5,19688,19730,9998
2025-03-18T09:50:00-04:00,19730,19750.75,19677.75,19702.5,9367
2025-03-18T09:55:00-04:00,19702.75,19706.75,19657.25,19672.5,8183
2025-03-18T10:00:00-04:00,19673,19694.75,19640.75,19692.25,8500
2025-03-18T10:05:00-04:00,19692.75,19718.5,19670.25,19713,7899
2025-03-18T10:10:00-04:00,19712.25,19718.25,19652.5,19658,7772
2025-03-18T10:15:00-04:00,19658.25,19681.75,19634.5,19658.75,7012
2025-03-18T10:20:00-04:00,19659.75,19704.5,19655.5,19698.5,6317
2025-03-18T10:25:00-04:00,19699.5,19710.25,19675.75,19699.5,4728
2025-03-18T10:30:00-04:00,19699.75,19714.75,19671,19705.25,5727
2025-03-18T10:35:00-04:00,19705.75,19724.75,19686.5,19722.25,4466
2025-03-18T10:40:00-04:00,19722.75,19733.75,19678.25,19691,5987
2025-03-18T10:45:00-04:00,19689.75,19691.5,19652.5,19662,5258
2025-03-18T10:50:00-04:00,19661.25,19700.5,19659.5,19680,4437
2025-03-18T10:55:00-04:00,19681.25,19708.75,19662.75,19679.75,4622
2025-03-18T11:00:00-04:00,19680,19685.25,19608,19626.75,8399
2025-03-18T11:05:00-04:00,19626.5,19647.25,19604.25,19629.5,5825
2025-03-18T11:10:00-04:00,19629,19665,19621.25,19657.75,4542
2025-03-18T11:15:00-04:00,19657.5,19675.5,19644.75,19673.25,3413
2025-03-18T11:20:00-04:00,19674.5,19678.5,19647.5,19663,3088
2025-03-18T11:25:00-04:00,19663.75,19696,19663.75,19670.5,3796
2025-03-18T11:30:00-04:00,19671,19691.5,19658,19675,3266
2025-03-18T11:35:00-04:00,19676,19698.5,19668.75,19694.75,3631
2025-03-18T11:40:00-04:00,19694,19701.75,19661,19673,3306
2025-03-18T11:45:00-04:00,19672.25,19692.25,19662.5,19666.75,2579
2025-03-18T11:50:00-04:00,19665.5,19666.75,19647.75,19651.25,3467
2025-03-18T11:55:00-04:00,19651.25,19666,19628,19659,4592
2025-03-18T12:00:00-04:00,19659.5,19693,19649.75,19685,3802
2025-03-18T12:05:00-04:00,19684.75,19696,19675.25,19687.25,2306
2025-03-18T12:10:00-04:00,19686.5,19727,19684.75,19724.25,4653
2025-03-18T12:15:00-04:00,19724.5,19732,19694.5,19697.5,3506
2025-03-18T12:20:00-04:00,19697.5,19719,19696.75,19717,2139
2025-03-18T12:25:00-04:00,19717,19749.75,19710.75,19747.5,3538
2025-03-18T12:30:00-04:00,19747.25,19753.5,19726,19731.25,3902
2025-03-18T12:35:00-04:00,19732.25,19750.25,19714.75,19740.5,3476
2025-03-18T12:40:00-04:00,19740,19744.5,19684.25,19686.5,3648
2025-03-18T12:45:00-04:00,19686,19700,19672.75,19684,3134
2025-03-18T12:50:00-04:00,19684,19687,19653.25,19683,3266
2025-03-18T12:55:00-04:00,19683.75,19749,19682.25,19732,3833
2025-03-18T13:00:00-04:00,19732.75,19740,19717.5,19731.5,2572
2025-03-18T13:05:00-04:00,19730.5,19731.75,19684.25,19708.75,3439
2025-03-18T13:10:00-04:00,19708.75,19749.75,19693.5,19741.75,3640
2025-03-18T13:15:00-04:00,19742.25,19747.5,19652.75,19693,6400
2025-03-18T13:20:00-04:00,19693.25,19727,19683.75,19707,4333
2025-03-18T13:25:00-04:00,19705.75,19734.5,19685.75,19700.75,3445
2025-03-18T13:30:00-04:00,19701.75,19709.5,19669.75,19702.5,3888
2025-03-18T13:35:00-04:00,19703.25,19735.75,19692.5,19730,3503
2025-03-18T13:40:00-04:00,19729.75,19733.5,19699.75,19705.25,2330
2025-03-18T13:45:00-04:00,19705.25,19732.5,19705,19725.25,2594
2025-03-18T13:50:00-04:00,19725.75,19742.75,19721.25,19726.5,2665
2025-03-18T13:55:00-04:00,19728.25,19729.25,19692.5,19711,3122
2025-03-18T14:00:00-04:00,19711.75,19715,19666.75,19676.25,3358
2025-03-18T14:05:00-04:00,19676,19694.5,19667,19691.75,2563
2025-03-18T14:10:00-04:00,19691.25,19691.25,19658.75,19660.5,2478
2025-03-18T14:15:00-04:00,19660.25,19687.75,19657.75,19686,3102
2025-03-18T14:20:00-04:00,19685.5,19726.5,19674.5,19715.75,3654
2025-03-18T14:25:00-04:00,19715.75,19732,19696.25,19700,3448
2025-03-18T14:30:00-04:00,19698.75,19731.5,19687.75,19701.25,2883
2025-03-18T14:35:00-04:00,19700.75,19735.5,19700.75,19725.75,2449
2025-03-18T14:40:00-04:00,19726,19731.5,19700,19710.5,2609
2025-03-18T14:45:00-04:00,19710,19763.5,19708.5,19751.75,3582
2025-03-18T14:50:00-04:00,19751.25,19783.5,19738.5,19753,6779
2025-03-18T14:55:00-04:00,19753.25,19767.5,19730.75,19745.5,3665
2025-03-18T15:00:00-04:00,19745,19752.25,19723.25,19742.25,3139
2025-03-18T15:05:00-04:00,19742.5,19751.5,19710.25,19719.5,2958
2025-03-18T15:10:00-04:00,19719,19734.25,19704,19726,2480
2025-03-18T15:15:00-04:00,19726.25,19741.5,19715.25,19734,2465
2025-03-18T15:20:00-04:00,19734.25,19748,19719.75,19726.5,2500
2025-03-18T15:25:00-04:00,19726.75,19729.5,19687.5,19708.25,3772
2025-03-18T15:30:00-04:00,19709,19730.5,19704,19720.75,2926
2025-03-18T15:35:00-04:00,19721,19721.25,19688,19688.5,3225
2025-03-18T15:40:00-04:00,19689.25,19710,19676.75,19692.25,3828
2025-03-18T15:45:00-04:00,19692.5,19698.5,19662.25,19667.5,4694
2025-03-18T15:50:00-04:00,19668.5,19722.25,19665.25,19698.75,7201
2025-03-18T15:55:00-04:00,19699.25,19711,19686.75,19706.25,14475
2025-03-18T16:00:00-04:00,19706.5,19737,19703.5,19727,7563
2025-03-18T16:05:00-04:00,19727.75,19730,19719.25,19728.75,1233
2025-03-18T16:10:00-04:00,19728.75,19733.75,19721,19722,975
2025-03-18T16:15:00-04:00,19722,19722.5,19710.75,19716.75,629
2025-03-18T16:20:00-04:00,19717.25,19717.25,19703.5,19708,622
2025-03-18T16:25:00-04:00,19708.75,19718,19702,19712.25,476
2025-03-18T16:30:00-04:00,19712.75,19716.25,19706,19715.5,303
2025-03-18T16:35:00-04:00,19716.75,19719,19711,19712.75,361
2025-03-18T16:40:00-04:00,19711.75,19714,19710.25,19710.75,173
2025-03-18T16:45:00-04:00,19711.25,19715.75,19710.75,19712.25,517
2025-03-18T16:50:00-04:00,19711.75,19712.75,19706.5,19708,364
2025-03-18T16:55:00-04:00,19708,19709,19700.5,19704,491
2025-03-18T18:00:00-04:00,19704.75,19710.25,19692,19704.5,475
2025-03-18T18:05:00-04:00,19705.5,19707.75,19693,19695.5,260
2025-03-18T18:10:00-04:00,19696.5,19702.5,19674.25,19683.25,519
2025-03-18T18:15:00-04:00,19683.75,19690.5,19679.25,19683,232
2025-03-18T18:20:00-04:00,19683,19692,19682,19690.5,143
2025-03-18T18:25:00-04:00,19689.75,19691,19666.25,19668,1126
2025-03-18T18:30:00-04:00,19667,19683.25,19667,19682.5,426
2025-03-18T18:35:00-04:00,19681.75,19686.5,19679.75,19683,172
2025-03-18T18:40:00-04:00,19684.25,19702.5,19684.25,19699.75,436
2025-03-18T18:45:00-04:00,19700.25,19712.75,19698.25,19706.25,556
2025-03-18T18:50:00-04:00,19706,19720,19705.5,19718,421
2025-03-18T18:55:00-04:00,19718,19723,19706.25,19708,381
2025-03-18T19:00:00-04:00,19708.75,19718.75,19708.5,19716,257
2025-03-18T19:05:00-04:00,19716.75,19718,19708,19714,407
2025-03-18T19:10:00-04:00,19713.25,19715.5,19710.25,19710.5,184
2025-03-18T19:15:00-04:00,19710.25,19711,19691,19698.75,444
2025-03-18T19:20:00-04:00,19699.5,19700.5,19686.25,19696.5,352
2025-03-18T19:25:00-04:00,19695.5,19703.75,19694.5,19697.75,195
2025-03-18T19:30:00-04:00,19697.25,19717,19690.5,19708,371
2025-03-18T19:35:00-04:00,19708.5,19715.25,19707.75,19712,203
2025-03-18T19:40:00-04:00,19711.5,19713,19708,19709.25,105
2025-03-18T19:45:00-04:00,19708.5,19715.5,19706.75,19709.5,161
2025-03-18T19:50:00-04:00,19708,19716.25,19706.75,19710,197
2025-03-18T19:55:00-04:00,19710.5,19713.75,19705,19709.5,218
2025-03-18T20:00:00-04:00,19708.5,19716.75,19706.25,19713.75,531
2025-03-18T20:05:00-04:00,19715,19721.75,19713,19719.5,570
2025-03-18T20:10:00-04:00,19718.75,19726,19716,19724.25,419
2025-03-18T20:15:00-04:00,19724.5,19728.75,19720.75,19727.25,421
2025-03-18T20:20:00-04:00,19728,19751.25,19727.75,19745.75,795
2025-03-18T20:25:00-04:00,19746,19763.5,19741,19756.75,909
2025-03-18T20:30:00-04:00,19756.5,19763,19750,19757.75,604
2025-03-18T20:35:00-04:00,19758,19779.5,19757.5,19773.75,988
2025-03-18T20:40:00-04:00,19773.25,19785,19772,19784.5,705
2025-03-18T20:45:00-04:00,19784.75,19789,19776.25,19778.5,412
2025-03-18T20:50:00-04:00,19778.75,19797.5,19775.25,19786.75,730
2025-03-18T20:55:00-04:00,19786.5,19788.75,19771.75,19776,785
2025-03-18T21:00:00-04:00,19775.5,19780.5,19768.5,19774.75,601
2025-03-18T21:05:00-04:00,19776.25,19782.5,19768.25,19772.75,481
2025-03-18T21:10:00-04:00,19772.25,19786.25,19772.25,19775,303
2025-03-18T21:15:00-04:00,19776,19777.25,19766,19769.75,448
2025-03-18T21:20:00-04:00,19769.5,19777.25,19765,19774,299
2025-03-18T21:25:00-04:00,19772.75,19780.25,19770.5,19772.75,399
2025-03-18T21:30:00-04:00,19772.5,19775,19761.75,19770,593
2025-03-18T21:35:00-04:00,19769.75,19779,19766.75,19776.25,993
2025-03-18T21:40:00-04:00,19777,19780,19772.25,19778.25,304
2025-03-18T21:45:00-04:00,19777,19780,19762.5,19763.25,390
2025-03-18T21:50:00-04:00,19764.25,19777.5,19762,19771.25,382
2025-03-18T21:55:00-04:00,19771,19774.5,19769.75,19770.25,110
2025-03-18T22:00:00-04:00,19771.5,19774.75,19764,19764.5,262
2025-03-18T22:05:00-04:00,19764,19775.25,19764,19773.5,214
2025-03-18T22:10:00-04:00,19773.25,19776.75,19768.5,19771.25,212
2025-03-18T22:15:00-04:00,19771.75,19777.25,19771,19777.25,137
2025-03-18T22:20:00-04:00,19776,19777.5,19771,19771.5,96
2025-03-18T22:25:00-04:00,19772.5,19779.75,19770.75,19773,205
2025-03-18T22:30:00-04:00,19772.5,19779.25,19765,19778.25,688
2025-03-18T22:35:00-04:00,19778.25,19779.5,19768.5,19775,369
2025-03-18T22:40:00-04:00,19773.75,19779.75,19771.5,19774,356
2025-03-18T22:45:00-04:00,19772.5,19773.5,19766,19766.5,441
2025-03-18T22:50:00-04:00,19767.25,19768.75,19759.5,19762,989
2025-03-18T22:55:00-04:00,19761,19763.5,19753,19754.25,535
2025-03-18T23:00:00-04:00,19754.5,19767.25,19754,19764,400
2025-03-18T23:05:00-04:00,19764,19772,19763.75,19771,248
2025-03-18T23:10:00-04:00,19770.25,19773.25,19768.25,19771.75,159
2025-03-18T23:15:00-04:00,19772.25,19774.5,19766.75,19768,365
2025-03-18T23:20:00-04:00,19768.25,19770,19761,19764.5,260
2025-03-18T23:25:00-04:00,19764.25,19769.75,19761.5,19763,273
2025-03-18T23:30:00-04:00,19763.5,19768,19762.75,19767.75,146
2025-03-18T23:35:00-04:00,19767.25,19767.75,19755,19757.5,444
2025-03-18T23:40:00-04:00,19757.25,19763,19757,19759.25,176
2025-03-18T23:45:00-04:00,19759.25,19761.25,19754.25,19757.5,226
2025-03-18T23:50:00-04:00,19758.25,19765.5,19758.25,19762.25,198
2025-03-18T23:55:00-04:00,19762.5,19765,19757.5,19763.25,188
2025-03-19T00:00:00-04:00,19762.75,19764,19750.5,19753.5,220
2025-03-19T00:05:00-04:00,19753.75,19754.25,19746,19750.75,318
2025-03-19T00:10:00-04:00,19750.25,19751.25,19746.75,19750,108
2025-03-19T00:15:00-04:00,19749.25,19749.25,19740.25,19743.75,247
2025-03-19T00:20:00-04:00,19742,19745.25,19739.75,19744.75,201
2025-03-19T00:25:00-04:00,19745.25,19746.5,19737,19738.25,211
2025-03-19T00:30:00-04:00,19738.75,19746,19736.25,19736.5,166
2025-03-19T00:35:00-04:00,19737.5,19741.25,19735.75,19738.25,93
2025-03-19T00:40:00-04:00,19738,19738.25,19731,19736.25,224
2025-03-19T00:45:00-04:00,19736.25,19741,19735,19738.5,114
2025-03-19T00:50:00-04:00,19738.5,19739.5,19732.5,19736.25,138
2025-03-19T00:55:00-04:00,19735.25,19737,19732,19736.25,158
2025-03-19T01:00:00-04:00,19736.75,19737,19726,19728.25,273
2025-03-19T01:05:00-04:00,19727.75,19734.25,19722,19729.25,279
2025-03-19T01:10:00-04:00,19730.25,19736,19726.25,19728.25,187
2025-03-19T01:15:00-04:00,19726.75,19734.25,19726,19729.25,165
2025-03-19T01:20:00-04:00,19729.25,19738.5,19728,19738,131
2025-03-19T01:25:00-04:00,19738.5,19749.5,19737.75,19746.5,280
2025-03-19T01:30:00-04:00,19746,19759.25,19746,19758,277
2025-03-19T01:35:00-04:00,19758.5,19762,19749.5,19755.75,287
2025-03-19T01:40:00-04:00,19756.5,19757,19748.5,19753.25,189
2025-03-19T01:45:00-04:00,19753,19754.5,19739,19739,259
2025-03-19T01:50:00-04:00,19740,19741.75,19732.5,19734.25,193
2025-03-19T01:55:00-04:00,19734,19738.5,19731.5,19738.25,116
2025-03-19T02:00:00-04:00,19737.25,19741,19728.75,19740.5,241
2025-03-19T02:05:00-04:00,19740.75,19741.75,19731.75,19737.5,140
2025-03-19T02:10:00-04:00,19737.5,19738.75,19725,19726,182
2025-03-19T02:15:00-04:00,19726,19729.25,19722.75,19728,189
2025-03-19T02:20:00-04:00,19727.25,19735.75,19725,19731.5,333
2025-03-19T02:25:00-04:00,19730.5,19736,19727.75,19735.75,215
2025-03-19T02:30:00-04:00,19734,19737.5,19716.75,19737.5,450
2025-03-19T02:35:00-04:00,19737.5,19744,19734,19735,238
2025-03-19T02:40:00-04:00,19735,19739.25,19730.25,19736.75,176
2025-03-19T02:45:00-04:00,19736.75,19742,19732.5,19733.25,168
2025-03-19T02:50:00-04:00,19735,19738.5,19726.5,19736.5,196
2025-03-19T02:55:00-04:00,19736.75,19739.5,19736,19738,65
2025-03-19T03:00:00-04:00,19738.75,19738.75,19714.25,19719.25,589
2025-03-19T03:05:00-04:00,19719.75,19719.75,19704,19705.25,537
2025-03-19T03:10:00-04:00,19706,19714.75,19694.5,19696.75,496
2025-03-19T03:15:00-04:00,19696.5,19720.5,19696,19720.5,475
2025-03-19T03:20:00-04:00,19719.75,19724.5,19708,19717.25,420
2025-03-19T03:25:00-04:00,19717.5,19727,19717.25,19722.5,260
2025-03-19T03:30:00-04:00,19723.25,19726,19713.25,19714.25,390
2025-03-19T03:35:00-04:00,19714.5,19715.5,19681.5,19685,796
2025-03-19T03:40:00-04:00,19685.25,19689.5,19660,19670.75,935
2025-03-19T03:45:00-04:00,19669.75,19684.25,19660,19682,875
2025-03-19T03:50:00-04:00,19681.75,19690.75,19672.5,19678.75,604
2025-03-19T03:55:00-04:00,19678.25,19679.5,19663.25,19673.75,667
2025-03-19T04:00:00-04:00,19673,19700,19671.75,19692.5,1385
2025-03-19T04:05:00-04:00,19692,19717.75,19686.5,19714.5,947
2025-03-19T04:10:00-04:00,19715,19716,19693.25,19707.75,719
2025-03-19T04:15:00-04:00,19708.5,19709,19687.5,19703.5,647
2025-03-19T04:20:00-04:00,19701,19714.75,19700,19706.25,435
2025-03-19T04:25:00-04:00,19707.25,19724,19703,19720.75,670
2025-03-19T04:30:00-04:00,19721.5,19742.75,19716.75,19742.75,925
2025-03-19T04:35:00-04:00,19742.25,19746.5,19738,19738.75,642
2025-03-19T04:40:00-04:00,19740.25,19740.5,19723.5,19728.75,585
2025-03-19T04:45:00-04:00,19728.75,19737.5,19721,19736.75,531
2025-03-19T04:50:00-04:00,19736.25,19738.75,19720.75,19731.25,713
2025-03-19T04:55:00-04:00,19730.25,19732,19721.5,19721.5,314
2025-03-19T05:00:00-04:00,19721,19724,19709.5,19717.5,891
2025-03-19T05:05:00-04:00,19716.5,19733.25,19713.5,19732,710
2025-03-19T05:10:00-04:00,19731.25,19738,19705.75,19707,786
2025-03-19T05:15:00-04:00,19705.75,19718.75,19705.5,19714.75,613
2025-03-19T05:20:00-04:00,19714.25,19731.5,19714.25,19730,559
2025-03-19T05:25:00-04:00,19729,19745.25,19728.75,19741.5,518
2025-03-19T05:30:00-04:00,19741.5,19756.5,19736.75,19748.25,734
2025-03-19T05:35:00-04:00,19748,19758.75,19747,19754.25,397
2025-03-19T05:40:00-04:00,19755,19759.5,19747.25,19756.25,332
2025-03-19T05:45:00-04:00,19755.75,19759.75,19748.75,19759.25,417
2025-03-19T05:50:00-04:00,19759.25,19766.25,19755,19765.5,776
2025-03-19T05:55:00-04:00,19765.5,19767,19755.75,19764.25,564
2025-03-19T06:00:00-04:00,19763,19782.75,19762.5,19778.5,1022
2025-03-19T06:05:00-04:00,19778.25,19779.75,19763.5,19765.25,867
2025-03-19T06:10:00-04:00,19766,19774,19762,19771.5,799
2025-03-19T06:15:00-04:00,19771,19774.25,19761,19770,393
2025-03-19T06:20:00-04:00,19769.75,19771.5,19762.5,19765.25,194
2025-03-19T06:25:00-04:00,19764.75,19773,19757.75,19772.5,381
2025-03-19T06:30:00-04:00,19772,19785,19769.25,19773.75,645
2025-03-19T06:35:00-04:00,19773,19776,19763.25,19767,733
2025-03-19T06:40:00-04:00,19767.25,19767.25,19756,19758,536
2025-03-19T06:45:00-04:00,19758.5,19764.75,19754,19760.5,351
2025-03-19T06:50:00-04:00,19761.25,19761.25,19751.5,19754.5,314
2025-03-19T06:55:00-04:00,19755.5,19760,19748.5,19758,504
2025-03-19T07:00:00-04:00,19758,19763,19752.75,19759.5,522
2025-03-19T07:05:00-04:00,19761.5,19764.5,19758.5,19763.5,273
2025-03-19T07:10:00-04:00,19764.25,19776.75,19761,19776.5,486
2025-03-19T07:15:00-04:00,19775.75,19776.5,19764,19770.25,441
2025-03-19T07:20:00-04:00,19770.25,19775.5,19762.5,19773,370
2025-03-19T07:25:00-04:00,19772.75,19779.75,19768.25,19772,423
2025-03-19T07:30:00-04:00,19771.5,19771.75,19766.25,19769.75,383
2025-03-19T07:35:00-04:00,19770.75,19780.5,19767,19779.25,548
2025-03-19T07:40:00-04:00,19778.25,19789.75,19775.75,19787.25,755
2025-03-19T07:45:00-04:00,19786.75,19789.5,19773.25,19781.5,872
2025-03-19T07:50:00-04:00,19780.75,19786,19776,19778.75,470
2025-03-19T07:55:00-04:00,19778,19783.25,19748,19773.25,3554
2025-03-19T08:00:00-04:00,19772.5,19783.75,19761,19767,766
2025-03-19T08:05:00-04:00,19766,19777.75,19761.75,19766.25,537
2025-03-19T08:10:00-04:00,19766.5,19778.5,19765,19769.25,703
2025-03-19T08:15:00-04:00,19769,19782.75,19761.5,19764.25,638
2025-03-19T08:20:00-04:00,19763.5,19767.25,19752.75,19756,710
2025-03-19T08:25:00-04:00,19756.75,19769.75,19749,19755,1124
2025-03-19T08:30:00-04:00,19755.25,19760.75,19744,19759,883
2025-03-19T08:35:00-04:00,19760.25,19761.5,19747,19748.75,555
2025-03-19T08:40:00-04:00,19748.75,19762.75,19742.5,19761.75,831
2025-03-19T08:45:00-04:00,19762.25,19773.75,19758.75,19765.75,825
2025-03-19T08:50:00-04:00,19765,19769.25,19762.5,19767.25,512
2025-03-19T08:55:00-04:00,19766.75,19766.75,19750,19760.5,840
2025-03-19T09:00:00-04:00,19761.5,19768,19756,19756.25,531
2025-03-19T09:05:00-04:00,19756,19771,19754.25,19764.75,592
2025-03-19T09:10:00-04:00,19764.5,19766.5,19745.25,19761,1064
2025-03-19T09:15:00-04:00,19761.25,19765.75,19748.25,19759,1017
2025-03-19T09:20:00-04:00,19759.25,19764.75,19750.5,19757.25,1074
2025-03-19T09:25:00-04:00,19757.5,19792,19750.25,19788.25,3452
2025-03-19T09:30:00-04:00,19789,19814.75,19766.75,19771.25,10875
2025-03-19T09:35:00-04:00,19770.25,19788.25,19747.75,19764.75,7301
2025-03-19T09:40:00-04:00,19766.75,19782.25,19706.25,19725.75,8111
2025-03-19T09:45:00-04:00,19726.5,19799,19722.5,19785,9422
2025-03-19T09:50:00-04:00,19785.5,19838.75,19772,19832.25,7500
2025-03-19T09:55:00-04:00,19833.5,19844.75,19818.75,19823.25,4927
2025-03-19T10:00:00-04:00,19823.25,19868,19822.75,19863.25,6544
2025-03-19T10:05:00-04:00,19863.75,19900.75,19856.75,19895.5,6229
2025-03-19T10:10:00-04:00,19895.25,19896.75,19864.25,19884.5,4968
2025-03-19T10:15:00-04:00,19884.25,19890,19865,19887,5112
2025-03-19T10:20:00-04:00,19887.75,19893.25,19860.75,19866,3531
2025-03-19T10:25:00-04:00,19867.75,19874.5,19842.75,19847.5,5340
2025-03-19T10:30:00-04:00,19847.5,19861.75,19835.75,19852.5,4144
2025-03-19T10:35:00-04:00,19853,19866.25,19838,19850.75,4015
2025-03-19T10:40:00-04:00,19850.75,19860.25,19815.25,19828,4545
2025-03-19T10:45:00-04:00,19827.25,19834.25,19807.25,19829,4546
2025-03-19T10:50:00-04:00,19828.5,19829.5,19794.75,19801,4135
2025-03-19T10:55:00-04:00,19801.5,19813.75,19788,19798,4295
2025-03-19T11:00:00-04:00,19798,19821.5,19790,19816.75,3050
2025-03-19T11:05:00-04:00,19817.25,19863,19815.25,19859.25,5007
2025-03-19T11:10:00-04:00,19859.75,19876,19856.5,19861.5,4316
2025-03-19T11:15:00-04:00,19861.5,19865.5,19825,19828.5,3928
2025-03-19T11:20:00-04:00,19829,19874.5,19821.75,19863.75,4194
2025-03-19T11:25:00-04:00,19863.75,19883.5,19853,19875,3750
2025-03-19T11:30:00-04:00,19875,19890,19860.75,19883.75,3599
2025-03-19T11:35:00-04:00,19883.75,19890,19872,19883.25,2563
2025-03-19T11:40:00-04:00,19882.5,19902.75,19882.25,19900,2613
2025-03-19T11:45:00-04:00,19900.5,19905,19889.5,19902.75,3129
2025-03-19T11:50:00-04:00,19903.25,19937.5,19902.5,19925,5252
2025-03-19T11:55:00-04:00,19926,19935,19908,19920.25,3475
2025-03-19T12:00:00-04:00,19919.75,19927,19908,19910.5,2343
2025-03-19T12:05:00-04:00,19910.5,19932.75,19907,19916,2500
2025-03-19T12:10:00-04:00,19915.25,19919.75,19891.25,19897.25,3869
2025-03-19T12:15:00-04:00,19897.5,19899,19881.25,19893.25,2663
2025-03-19T12:20:00-04:00,19891.5,19909.75,19882.25,19895.75,2725
2025-03-19T12:25:00-04:00,19896.5,19909.75,19886.5,19905.75,2164
2025-03-19T12:30:00-04:00,19905.25,19909,19875.75,19887.75,3311
2025-03-19T12:35:00-04:00,19888.25,19892.75,19873.25,19877,2169
2025-03-19T12:40:00-04:00,19876.5,19879.75,19865,19875.75,2330
2025-03-19T12:45:00-04:00,19875.75,19880.25,19863.25,19865.75,1745
2025-03-19T12:50:00-04:00,19866,19890.25,19853.75,19888,3019
2025-03-19T12:55:00-04:00,19887.75,19889.25,19857.25,19876,2617
2025-03-19T13:00:00-04:00,19875.75,19885.5,19859.75,19869.5,1886
2025-03-19T13:05:00-04:00,19870.25,19874.5,19835,19839.25,2962
2025-03-19T13:10:00-04:00,19839.25,19846.25,19811.75,19815.25,2847
2025-03-19T13:15:00-04:00,19816,19829.75,19802.25,19822.5,3276
2025-03-19T13:20:00-04:00,19821.75,19831.25,19816.25,19822.25,2276
2025-03-19T13:25:00-04:00,19821,19824.75,19803.5,19806,2605
2025-03-19T13:30:00-04:00,19806,19814.75,19787,19813.25,3318
2025-03-19T13:35:00-04:00,19814,19840.75,19811.5,19839,2629
2025-03-19T13:40:00-04:00,19839,19850,19815.5,19820,2817
2025-03-19T13:45:00-04:00,19819.25,19825.5,19785.5,19798.25,2985
2025-03-19T13:50:00-04:00,19797.25,19825.25,19795.5,19820,2441
2025-03-19T13:55:00-04:00,19818.75,19822.75,19807.5,19809.25,1657
2025-03-19T14:00:00-04:00,19809.25,19898.75,19769,19859,11536
2025-03-19T14:05:00-04:00,19859.5,19868.25,19808.75,19859.25,6175
2025-03-19T14:10:00-04:00,19859.25,19910.75,19859.25,19892,4910
2025-03-19T14:15:00-04:00,19892.25,19928.5,19891.25,19899.5,4928
2025-03-19T14:20:00-04:00,19898.75,19911.25,19878.25,19893.5,5143
2025-03-19T14:25:00-04:00,19893,19906,19859.5,19871.25,4257
2025-03-19T14:30:00-04:00,19870.5,19958.5,19867.5,19929.5,7059
2025-03-19T14:35:00-04:00,19927.5,19947.25,19899,19910.75,5627
2025-03-19T14:40:00-04:00,19910.25,19977.75,19893.25,19967,7715
2025-03-19T14:45:00-04:00,19968,19980.75,19941,19950.25,5838
2025-03-19T14:50:00-04:00,19949,20006.75,19943.25,19986.75,7121
2025-03-19T14:55:00-04:00,19988,20029.75,19972.75,20023.75,6281
2025-03-19T15:00:00-04:00,20023.75,20065,20020.5,20057.5,7716
2025-03-19T15:05:00-04:00,20056.75,20129.25,20052,20119.5,10832
2025-03-19T15:10:00-04:00,20118.5,20143,20065.25,20097.25,10905
2025-03-19T15:15:00-04:00,20097.25,20111.5,20054.5,20065.25,8065
2025-03-19T15:20:00-04:00,20064.25,20068,19997.5,20022.75,8822
2025-03-19T15:25:00-04:00,20023.25,20030.25,19936.25,19955.75,11102
2025-03-19T15:30:00-04:00,19955,20008,19940.5,19983,9337
2025-03-19T15:35:00-04:00,19982.5,20024.5,19954.25,20015,8435
2025-03-19T15:40:00-04:00,20015.25,20058.75,20008.75,20054,7228
2025-03-19T15:45:00-04:00,20054,20054.25,19995.25,20013.25,5884
2025-03-19T15:50:00-04:00,20012.25,20012.25,19958,19977.75,10309
2025-03-19T15:55:00-04:00,19977.5,19977.5,19934.75,19953.5,17086
2025-03-19T16:00:00-04:00,19953,19978,19951.75,19969.25,5881
2025-03-19T16:05:00-04:00,19971,19981.5,19964.5,19976.75,2355
2025-03-19T16:10:00-04:00,19977.5,19978.5,19964.75,19970,1933
2025-03-19T16:15:00-04:00,19969.5,19973.5,19959.5,19965.75,782
2025-03-19T16:20:00-04:00,19966,19967.25,19956.5,19958,390
2025-03-19T16:25:00-04:00,19957.25,19960.5,19945.25,19955.5,552
2025-03-19T16:30:00-04:00,19954.5,19954.75,19944.5,19950.5,478
2025-03-19T16:35:00-04:00,19950.25,19955.5,19949.75,19954.75,260
2025-03-19T16:40:00-04:00,19954.25,19956.5,19946.5,19946.75,330
2025-03-19T16:45:00-04:00,19946.75,19949.5,19941,19949.5,419
2025-03-19T16:50:00-04:00,19949.25,19949.25,19940.25,19943.25,281
2025-03-19T16:55:00-04:00,19943,19948.25,19942.5,19945,352
2025-03-19T18:00:00-04:00,19949.75,19966.25,19944.25,19962,536
2025-03-19T18:05:00-04:00,19960.5,19973.75,19954,19972.5,524
2025-03-19T18:10:00-04:00,19972.5,19993.5,19970.75,19992.75,586
2025-03-19T18:15:00-04:00,19993.75,19994.75,19982.25,19986.25,355
2025-03-19T18:20:00-04:00,19986,19989.25,19985,19988,124
2025-03-19T18:25:00-04:00,19988.25,19998.75,19988.25,19993.75,365
2025-03-19T18:30:00-04:00,19994.5,19999,19987.75,19994.75,292
2025-03-19T18:35:00-04:00,19995,20005.75,19992.75,20004.75,383
2025-03-19T18:40:00-04:00,20005.25,20009,20003.25,20004.75,252
2025-03-19T18:45:00-04:00,20004.75,20026.25,20003.75,20025,524
2025-03-19T18:50:00-04:00,20024,20026.25,20016,20018.25,283
2025-03-19T18:55:00-04:00,20018.25,20019.5,20006.25,20011.75,360
2025-03-19T19:00:00-04:00,20012.25,20016.75,20003.25,20007.75,542
2025-03-19T19:05:00-04:00,20006.75,20013.75,20004.5,20012.75,723
2025-03-19T19:10:00-04:00,20012.75,20013.5,20007,20008.75,201
2025-03-19T19:15:00-04:00,20008.5,20012.25,20006.75,20009.25,433
2025-03-19T19:20:00-04:00,20010,20013.25,20006.75,20012.5,190
2025-03-19T19:25:00-04:00,20012.75,20018,20012.5,20015.5,238
2025-03-19T19:30:00-04:00,20016.75,20016.75,20009,20015.75,227
2025-03-19T19:35:00-04:00,20016.5,20024,20011.25,20018.5,349
2025-03-19T19:40:00-04:00,20018.25,20028.5,20016.5,20020.5,384
2025-03-19T19:45:00-04:00,20020.75,20029.5,20020.25,20025.25,337
2025-03-19T19:50:00-04:00,20026,20029,20022.75,20026,229
2025-03-19T19:55:00-04:00,20026,20035,20023.5,20032.5,329
2025-03-19T20:00:00-04:00,20031.5,20038.5,20018,20024.75,583
2025-03-19T20:05:00-04:00,20025.5,20028.5,20021.75,20026,169
2025-03-19T20:10:00-04:00,20025,20025,20018.25,20018.75,186
2025-03-19T20:15:00-04:00,20018.25,20023.75,20011.5,20022,283
2025-03-19T20:20:00-04:00,20022.75,20035.5,20022.5,20034.75,373
2025-03-19T20:25:00-04:00,20035,20047.75,20034.5,20045,669
2025-03-19T20:30:00-04:00,20045,20054,20039.25,20053.75,507
2025-03-19T20:35:00-04:00,20053,20055.5,20046.75,20050,391
2025-03-19T20:40:00-04:00,20049.25,20053.5,20046.75,20052,275
2025-03-19T20:45:00-04:00,20053.5,20057.75,20046.25,20047,253
2025-03-19T20:50:00-04:00,20046.5,20049.25,20043.75,20048.5,220
2025-03-19T20:55:00-04:00,20047.5,20050,20043.5,20048.25,148
2025-03-19T21:00:00-04:00,20047.5,20049,20043.75,20044.5,202
2025-03-19T21:05:00-04:00,20044.5,20047,20041.25,20042,271
2025-03-19T21:10:00-04:00,20042.25,20057,20041.25,20054,315
2025-03-19T21:15:00-04:00,20052.5,20056,20051.25,20055.5,181
2025-03-19T21:20:00-04:00,20055.5,20057.75,20047,20053,339
2025-03-19T21:25:00-04:00,20052,20052.5,20047.25,20047.25,56
2025-03-19T21:30:00-04:00,20048.5,20049,20040,20043.5,251
2025-03-19T21:35:00-04:00,20042.75,20045,20040.5,20041.75,144
2025-03-19T21:40:00-04:00,20041.75,20043.25,20032.5,20034.75,365
2025-03-19T21:45:00-04:00,20033.5,20037,20030,20033.75,378
2025-03-19T21:50:00-04:00,20034.5,20035.25,20026.5,20030.75,192
2025-03-19T21:55:00-04:00,20030.75,20035.75,20025,20028,233
2025-03-19T22:00:00-04:00,20028.25,20041.25,20027.75,20038,459
2025-03-19T22:05:00-04:00,20038.75,20042.5,20034.75,20039.5,242
2025-03-19T22:10:00-04:00,20039,20055.25,20030.75,20053.5,800
2025-03-19T22:15:00-04:00,20053.25,20054.25,20048.5,20051,170
2025-03-19T22:20:00-04:00,20051.25,20054,20048,20051.25,193
2025-03-19T22:25:00-04:00,20051.25,20078.25,20050.5,20068,931
2025-03-19T22:30:00-04:00,20067.5,20074.5,20065,20067.75,332
2025-03-19T22:35:00-04:00,20068.5,20069,20058.75,20063,261
2025-03-19T22:40:00-04:00,20063.25,20069.25,20063,20066.75,201
2025-03-19T22:45:00-04:00,20067,20069,20057,20058.75,251
2025-03-19T22:50:00-04:00,20057.75,20073,20057.75,20070.5,248
2025-03-19T22:55:00-04:00,20070.5,20071.5,20066.5,20068,142
2025-03-19T23:00:00-04:00,20068.5,20080,20068.5,20076,357
2025-03-19T23:05:00-04:00,20075.5,20083.5,20075,20080.75,241
2025-03-19T23:10:00-04:00,20081.5,20091.25,20081.5,20088.5,450
2025-03-19T23:15:00-04:00,20088.25,20092.75,20084,20088.25,311
2025-03-19T23:20:00-04:00,20088.75,20088.75,20081.5,20082.5,349
2025-03-19T23:25:00-04:00,20082.5,20084.75,20080,20080.75,188
2025-03-19T23:30:00-04:00,20080.75,20084,20077.25,20082.75,282
2025-03-19T23:35:00-04:00,20083,20085,20080.75,20082.75,165
2025-03-19T23:40:00-04:00,20083,20088.75,20082.25,20086,199
2025-03-19T23:45:00-04:00,20086.5,20086.75,20079,20080,194
2025-03-19T23:50:00-04:00,20080.25,20081.75,20078.5,20079.5,147
2025-03-19T23:55:00-04:00,20080.25,20084.75,20077.75,20083.5,220
2025-03-20T00:00:00-04:00,20083.5,20085.75,20078.25,20078.75,235
2025-03-20T00:05:00-04:00,20078.25,20082,20078.25,20080.5,93
2025-03-20T00:10:00-04:00,20080,20081.75,20078,20079.25,74
2025-03-20T00:15:00-04:00,20079.5,20082.5,20079,20082.5,86
2025-03-20T00:20:00-04:00,20082.5,20087.5,20081,20086.5,206
2025-03-20T00:25:00-04:00,20087.25,20092,20086.25,20086.25,180
2025-03-20T00:30:00-04:00,20086.5,20090.5,20085.25,20086.5,172
2025-03-20T00:35:00-04:00,20086,20087.25,20073,20076.25,371
2025-03-20T00:40:00-04:00,20075.5,20076.75,20068.5,20070.5,230
2025-03-20T00:45:00-04:00,20070,20077.25,20070,20076.75,136
2025-03-20T00:50:00-04:00,20077,20081.75,20077,20079,122
2025-03-20T00:55:00-04:00,20078.5,20081.5,20077,20080,89
2025-03-20T01:00:00-04:00,20080,20081.75,20075,20079.25,196
2025-03-20T01:05:00-04:00,20079.75,20079.75,20071,20073.5,190
2025-03-20T01:10:00-04:00,20074.25,20077.5,20073,20077.5,84
2025-03-20T01:15:00-04:00,20075.25,20077.25,20072,20073.75,94
2025-03-20T01:20:00-04:00,20074,20074,20067,20073.25,206
2025-03-20T01:25:00-04:00,20073.5,20077.75,20071,20075.5,147
2025-03-20T01:30:00-04:00,20075.5,20077.25,20073.75,20077,92
2025-03-20T01:35:00-04:00,20076.25,20077.75,20072.5,20075,95
2025-03-20T01:40:00-04:00,20075.5,20077,20071.25,20074,120
2025-03-20T01:45:00-04:00,20074,20080,20072.5,20079.75,150
2025-03-20T01:50:00-04:00,20079.5,20085.5,20079.5,20082.75,159
2025-03-20T01:55:00-04:00,20082.5,20090,20080,20088,165
2025-03-20T02:00:00-04:00,20087.75,20089,20078.75,20085.25,329
2025-03-20T02:05:00-04:00,20086,20086,20077.5,20078.5,152
2025-03-20T02:10:00-04:00,20078.5,20081.5,20069.5,20071.5,260
2025-03-20T02:15:00-04:00,20071.25,20075.25,20066.75,20070.5,231
2025-03-20T02:20:00-04:00,20071.75,20074.75,20067.5,20069,201
2025-03-20T02:25:00-04:00,20069.25,20069.5,20057,20060.25,558
2025-03-20T02:30:00-04:00,20061,20065.5,20056.25,20060.25,272
2025-03-20T02:35:00-04:00,20061,20061.25,20049.25,20049.5,283
2025-03-20T02:40:00-04:00,20049.75,20066.25,20044,20066,569
2025-03-20T02:45:00-04:00,20066.25,20068,20058,20059.25,367
2025-03-20T02:50:00-04:00,20059.25,20062.75,20055,20056,192
2025-03-20T02:55:00-04:00,20056.5,20056.5,20048.25,20050.25,193
2025-03-20T03:00:00-04:00,20049.5,20065.75,20040.5,20060,877
2025-03-20T03:05:00-04:00,20062,20066.5,20055,20065.75,321
2025-03-20T03:10:00-04:00,20066,20075.75,20065.75,20066.25,417
2025-03-20T03:15:00-04:00,20066.25,20069.75,20055.5,20055.75,358
2025-03-20T03:20:00-04:00,20055,20063.75,20046.25,20061.5,460
2025-03-20T03:25:00-04:00,20061.25,20066.5,20056.5,20062.75,216
2025-03-20T03:30:00-04:00,20061.25,20062.25,20051,20054,206
2025-03-20T03:35:00-04:00,20053.5,20055,20046.5,20050.25,273
2025-03-20T03:40:00-04:00,20051.5,20052.5,20047.75,20049.75,190
2025-03-20T03:45:00-04:00,20050.25,20050.5,20039.75,20046,470
2025-03-20T03:50:00-04:00,20044.5,20050.5,20037.25,20040.5,378
2025-03-20T03:55:00-04:00,20039.25,20045.5,20036,20041.25,350
2025-03-20T04:00:00-04:00,20041.5,20059.25,20040.75,20055.5,979
2025-03-20T04:05:00-04:00,20054.25,20058,20045.25,20047.25,679
2025-03-20T04:10:00-04:00,20046.25,20065,20046.25,20064,445
2025-03-20T04:15:00-04:00,20064.75,20064.75,20053.5,20058.5,365
2025-03-20T04:20:00-04:00,20058.75,20071.25,20056.5,20069.5,655
2025-03-20T04:25:00-04:00,20069,20073,20063.75,20066.25,392
2025-03-20T04:30:00-04:00,20067.5,20073.25,20057.5,20067,786
2025-03-20T04:35:00-04:00,20066,20069.25,20064,20068.5,258
2025-03-20T04:40:00-04:00,20068.75,20068.75,20056,20058.5,347
2025-03-20T04:45:00-04:00,20058,20070.5,20048.75,20066,743
2025-03-20T04:50:00-04:00,20066,20066,20056,20061.75,303
2025-03-20T04:55:00-04:00,20061.5,20061.5,20050.5,20055,318
2025-03-20T05:00:00-04:00,20055.75,20059,20035.25,20036.75,862
2025-03-20T05:05:00-04:00,20036.75,20051,20032,20040,783
2025-03-20T05:10:00-04:00,20041,20048.5,20029.75,20031,566
2025-03-20T05:15:00-04:00,20030,20036.25,20027,20033,887
2025-03-20T05:20:00-04:00,20033.5,20038.5,20029.75,20036.25,563
2025-03-20T05:25:00-04:00,20035.75,20037.5,20000,20000.75,1537
2025-03-20T05:30:00-04:00,20000.75,20004.75,19976.75,19981.75,1880
2025-03-20T05:35:00-04:00,19981.75,19991.75,19968,19988.25,1308
2025-03-20T05:40:00-04:00,19987.25,19992.75,19976.5,19978,769
2025-03-20T05:45:00-04:00,19977.5,19979.75,19958,19959,1169
2025-03-20T05:50:00-04:00,19959.5,19972.25,19940,19941.5,1463
2025-03-20T05:55:00-04:00,19942.25,19961.5,19935.25,19954.5,1359
2025-03-20T06:00:00-04:00,19955.25,19956,19909,19912.75,2326
2025-03-20T06:05:00-04:00,19912.5,19922.25,19897,19897.75,1728
2025-03-20T06:10:00-04:00,19898.75,19898.75,19850,19865,3623
2025-03-20T06:15:00-04:00,19865,19865.5,19767,19768.5,4850
2025-03-20T06:20:00-04:00,19767.75,19804,19735.25,19794.75,5505
2025-03-20T06:25:00-04:00,19794.25,19808,19773.5,19789.75,3127
2025-03-20T06:30:00-04:00,19789.75,19812.5,19761.5,19804.5,3035
2025-03-20T06:35:00-04:00,19805.5,19806.75,19757.25,19762.25,2690
2025-03-20T06:40:00-04:00,19760.75,19785,19752.75,19768.25,1408
2025-03-20T06:45:00-04:00,19767.75,19792.5,19760.25,19785.5,1626
2025-03-20T06:50:00-04:00,19785.75,19820.5,19783,19809.5,2496
2025-03-20T06:55:00-04:00,19809.5,19824.5,19806.25,19815.25,1382
2025-03-20T07:00:00-04:00,19815.5,19825,19803,19820,1370
2025-03-20T07:05:00-04:00,19820.75,19830.75,19812.5,19813.5,1128
2025-03-20T07:10:00-04:00,19812.25,19834.5,19809.5,19831.25,1072
2025-03-20T07:15:00-04:00,19832.5,19853.5,19827,19847.75,1393
2025-03-20T07:20:00-04:00,19847.75,19859.75,19831.25,19833,1111
2025-03-20T07:25:00-04:00,19833,19839.25,19812.75,19820.25,1316
2025-03-20T07:30:00-04:00,19819,19833.25,19794.5,19832,1629
2025-03-20T07:35:00-04:00,19833,19846.5,19824.25,19835.25,1158
2025-03-20T07:40:00-04:00,19835.25,19850.75,19829,19846.5,655
2025-03-20T07:45:00-04:00,19846.25,19856,19842.75,19849,933
2025-03-20T07:50:00-04:00,19848.75,19862,19845.75,19848.25,854
2025-03-20T07:55:00-04:00,19847.75,19858.75,19840.25,19852.25,591
2025-03-20T08:00:00-04:00,19853.25,19860,19843.25,19852.5,949
2025-03-20T08:05:00-04:00,19851.5,19860.75,19847.5,19852.5,684
2025-03-20T08:10:00-04:00,19853.25,19855.25,19835.75,19845.25,1059
2025-03-20T08:15:00-04:00,19845.5,19850,19838.25,19843.25,592
2025-03-20T08:20:00-04:00,19845.25,19847,19827.5,19831,1035
2025-03-20T08:25:00-04:00,19832.5,19838.75,19823.25,19837.5,872
2025-03-20T08:30:00-04:00,19833.75,19861.5,19828.25,19849,1921
2025-03-20T08:35:00-04:00,19848.5,19860,19838.25,19857,1227
2025-03-20T08:40:00-04:00,19856.5,19860.5,19837.75,19850.75,1226
2025-03-20T08:45:00-04:00,19850.5,19856,19824,19830.5,1487
2025-03-20T08:50:00-04:00,19829.75,19843,19825.75,19839.5,986
2025-03-20T08:55:00-04:00,19840.75,19842.25,19827.25,19827.25,666
2025-03-20T09:00:00-04:00,19827.75,19828,19792,19809.75,2780
2025-03-20T09:05:00-04:00,19810.25,19814.5,19789.25,19803,1737
2025-03-20T09:10:00-04:00,19802.25,19823.25,19793,19819,1447
2025-03-20T09:15:00-04:00,19819,19824,19804.5,19817,1289
2025-03-20T09:20:00-04:00,19815.75,19815.75,19798,19801,955
2025-03-20T09:25:00-04:00,19802.5,19813.75,19780.25,19786.5,3109
2025-03-20T09:30:00-04:00,19786.5,19873.25,19756,19866,13478
2025-03-20T09:35:00-04:00,19866.25,19897.25,19853.25,19893,9819
2025-03-20T09:40:00-04:00,19893.5,19907.5,19863.25,19884,8608
2025-03-20T09:45:00-04:00,19883,19925.75,19880.75,19908.5,7569
2025-03-20T09:50:00-04:00,19908.5,19933,19899,19919.5,5980
2025-03-20T09:55:00-04:00,19918.5,19940,19893.5,19932.75,7651
2025-03-20T10:00:00-04:00,19934.25,20021,19926.25,20006.5,13574
2025-03-20T10:05:00-04:00,20006.5,20026,19987.75,20004.5,7485
2025-03-20T10:10:00-04:00,20004,20015.25,19985,20002,6450
2025-03-20T10:15:00-04:00,20002.5,20045.25,19975.25,20033.5,9558
2025-03-20T10:20:00-04:00,20033.75,20071.75,20013.75,20063,7028
2025-03-20T10:25:00-04:00,20063.25,20086.75,20049.5,20055,7703
2025-03-20T10:30:00-04:00,20054.25,20059.25,20032.25,20034.5,6639
2025-03-20T10:35:00-04:00,20035.25,20085.75,20022,20060.25,7487
2025-03-20T10:40:00-04:00,20060.5,20100,20052.75,20091,6207
2025-03-20T10:45:00-04:00,20091.25,20105,20082.5,20089.75,5044
2025-03-20T10:50:00-04:00,20090,20090,20050,20064.75,5592
2025-03-20T10:55:00-04:00,20064.25,20070,20032,20043.5,5800
2025-03-20T11:00:00-04:00,20043,20051.25,20009,20023.75,7432
2025-03-20T11:05:00-04:00,20024,20056.75,20010,20053.75,6087
2025-03-20T11:10:00-04:00,20052.5,20063,20036.5,20050.5,4481
2025-03-20T11:15:00-04:00,20049.5,20054.5,20022.75,20026.75,4001
2025-03-20T11:20:00-04:00,20027,20047.5,20013.5,20037.25,4107
2025-03-20T11:25:00-04:00,20037.25,20044,20022.5,20031.75,2906
2025-03-20T11:30:00-04:00,20030.75,20039.25,19985,19995.25,6875
2025-03-20T11:35:00-04:00,19995,20004,19965,20003.5,6552
2025-03-20T11:40:00-04:00,20003.25,20032.5,20001.25,20025.75,4823
2025-03-20T11:45:00-04:00,20025.5,20055.75,20014.5,20046.25,4443
2025-03-20T11:50:00-04:00,20046.75,20053.5,20022.75,20043,3257
2025-03-20T11:55:00-04:00,20042.75,20043,19980.5,19985.75,5874
2025-03-20T12:00:00-04:00,19985.75,20040,19974.5,19997,7882
2025-03-20T12:05:00-04:00,19997.25,20007.25,19965.75,19976,4824
2025-03-20T12:10:00-04:00,19975.5,19983,19942.25,19973.25,6070
2025-03-20T12:15:00-04:00,19973.75,19975.75,19953,19964.75,3471
2025-03-20T12:20:00-04:00,19963.25,19965,19934,19936.5,4453
2025-03-20T12:25:00-04:00,19936,19947,19868,19880.25,12206
2025-03-20T12:30:00-04:00,19880.5,19909.75,19875.5,19883.75,6296
2025-03-20T12:35:00-04:00,19884.25,19920.75,19872.75,19915,4861
2025-03-20T12:40:00-04:00,19914.75,19916,19860.25,19875,5190
2025-03-20T12:45:00-04:00,19874.75,19894,19859.25,19865.25,4604
2025-03-20T12:50:00-04:00,19865.25,19904.75,19860.75,19902,3730
2025-03-20T12:55:00-04:00,19902.75,19912.75,19864.5,19875.75,4659
2025-03-20T13:00:00-04:00,19875.5,19902.5,19870,19901.5,3587
2025-03-20T13:05:00-04:00,19902,19942,19899.5,19931.75,5918
2025-03-20T13:10:00-04:00,19931.75,19941,19907.5,19925.75,3943
2025-03-20T13:15:00-04:00,19923.25,19928.25,19890.5,19911.5,3077
2025-03-20T13:20:00-04:00,19912.25,19913.75,19869.5,19874.25,3399
2025-03-20T13:25:00-04:00,19874.5,19881.75,19830,19831,6314
2025-03-20T13:30:00-04:00,19832,19872.25,19826,19857.25,5516
2025-03-20T13:35:00-04:00,19856.75,19881.25,19840.75,19878,3775
2025-03-20T13:40:00-04:00,19877.25,19883.5,19855.5,19879.75,2958
2025-03-20T13:45:00-04:00,19880.5,19903.75,19867.25,19874.5,4320
2025-03-20T13:50:00-04:00,19874.75,19877.5,19847.5,19849.25,2996
2025-03-20T13:55:00-04:00,19849.5,19857.5,19834.5,19848.5,3491
2025-03-20T14:00:00-04:00,19848.75,19875.25,19844.5,19864,3205
2025-03-20T14:05:00-04:00,19863.75,19879,19857.25,19869.75,2423
2025-03-20T14:10:00-04:00,19870.75,19898.5,19869.75,19877,3561
2025-03-20T14:15:00-04:00,19877.25,19889.75,19870.75,19871.5,2719
2025-03-20T14:20:00-04:00,19871.25,19871.25,19832.75,19850,5222
2025-03-20T14:25:00-04:00,19850,19854.5,19803.75,19807.25,5375
2025-03-20T14:30:00-04:00,19807,19814.25,19795,19801.5,4760
2025-03-20T14:35:00-04:00,19802.25,19843,19801,19835.75,4230
2025-03-20T14:40:00-04:00,19835,19837.25,19807,19810.25,2789
2025-03-20T14:45:00-04:00,19810.75,19843.25,19807.25,19842.25,3776
2025-03-20T14:50:00-04:00,19841.75,19885.75,19839.25,19879,4668
2025-03-20T14:55:00-04:00,19879.5,19884.75,19813.5,19819.5,4963
2025-03-20T15:00:00-04:00,19819.75,19862.75,19814.75,19848.5,4513
2025-03-20T15:05:00-04:00,19849,19867.5,19843,19848,3025
2025-03-20T15:10:00-04:00,19846.25,19869,19841.75,19854.25,2918
2025-03-20T15:15:00-04:00,19854.25,19882,19849.75,19873,4048
2025-03-20T15:20:00-04:00,19873.25,19898.5,19872,19884,3694
2025-03-20T15:25:00-04:00,19885,19886,19827,19833.25,5506
2025-03-20T15:30:00-04:00,19832.5,19868,19832.5,19853.25,4769
2025-03-20T15:35:00-04:00,19853,19884,19848.75,19861.5,3487
2025-03-20T15:40:00-04:00,19861.25,19891,19858.5,19889.5,3227
2025-03-20T15:45:00-04:00,19890.5,19921.25,19888,19915.25,4883
2025-03-20T15:50:00-04:00,19914.75,19914.75,19867,19878,8643
2025-03-20T15:55:00-04:00,19878.75,19921.75,19874,19881.25,15581
2025-03-20T16:00:00-04:00,19881.25,19908,19879.5,19905.25,6047
2025-03-20T16:05:00-04:00,19906,19907.75,19890.5,19901.5,1812
2025-03-20T16:10:00-04:00,19901.5,19912.25,19900.25,19905.25,887
2025-03-20T16:15:00-04:00,19905.5,19913,19903,19908.25,509
2025-03-20T16:20:00-04:00,19907.75,19909.25,19895.75,19902,605
2025-03-20T16:25:00-04:00,19902.25,19908.5,19898,19904,425
2025-03-20T16:30:00-04:00,19904.25,19906,19898.75,19901.25,230
2025-03-20T16:35:00-04:00,19900.75,19902,19894,19894.25,409
2025-03-20T16:40:00-04:00,19894,19897.5,19893.75,19895.75,275
2025-03-20T16:45:00-04:00,19896.5,19901.25,19895.25,19900.5,373
2025-03-20T16:50:00-04:00,19900.25,19902,19896.75,19900.75,410
2025-03-20T16:55:00-04:00,19901.25,19901.5,19893.5,19894.25,509
2025-03-20T18:00:00-04:00,19898.5,19902,19886.5,19894.25,313
2025-03-20T18:05:00-04:00,19894.25,19896.75,19883.5,19884.5,196
2025-03-20T18:10:00-04:00,19883.75,19885.25,19880,19882.5,217
2025-03-20T18:15:00-04:00,19883,19904.5,19883,19902,385
2025-03-20T18:20:00-04:00,19901.25,19903.25,19887.75,19895,277
2025-03-20T18:25:00-04:00,19896.5,19902,19892.25,19898,162
2025-03-20T18:30:00-04:00,19898.25,19907.5,19893,19905,195
2025-03-20T18:35:00-04:00,19904.75,19909.75,19900.5,19907.5,200
2025-03-20T18:40:00-04:00,19906.5,19908.75,19900,19905.75,195
2025-03-20T18:45:00-04:00,19906,19907.25,19895,19895.5,191
2025-03-20T18:50:00-04:00,19895.25,19895.25,19885,19887.25,238
2025-03-20T18:55:00-04:00,19888.75,19891,19884,19888.25,137
2025-03-20T19:00:00-04:00,19887.75,19889.25,19869.5,19870.5,501
2025-03-20T19:05:00-04:00,19871.25,19872.25,19851.75,19861.75,789
2025-03-20T19:10:00-04:00,19860.5,19864.25,19856.5,19857.5,462
2025-03-20T19:15:00-04:00,19857.75,19859.25,19848.5,19853.75,298
2025-03-20T19:20:00-04:00,19853,19856,19847.25,19853,269
2025-03-20T19:25:00-04:00,19853.5,19863.5,19853.5,19859,309
2025-03-20T19:30:00-04:00,19858,19866,19847.5,19861.5,350
2025-03-20T19:35:00-04:00,19861.5,19865,19858.75,19861.75,229
2025-03-20T19:40:00-04:00,19861.5,19869.75,19861,19869.25,245
2025-03-20T19:45:00-04:00,19869.25,19878.75,19867.75,19875.75,439
2025-03-20T19:50:00-04:00,19875.25,19887.25,19874.25,19885.25,358
2025-03-20T19:55:00-04:00,19884.5,19889.75,19884.5,19886.25,274
2025-03-20T20:00:00-04:00,19885.75,19909.75,19880.25,19907.25,946
2025-03-20T20:05:00-04:00,19907.5,19919,19907.5,19917,577
2025-03-20T20:10:00-04:00,19915.75,19920.25,19913.5,19917,378
2025-03-20T20:15:00-04:00,19918.25,19918.5,19909.75,19917,473
2025-03-20T20:20:00-04:00,19916,19924.75,19915.75,19917.25,486
2025-03-20T20:25:00-04:00,19917.75,19918,19905.25,19910.25,381
2025-03-20T20:30:00-04:00,19910.5,19927.25,19910.5,19915.25,422
2025-03-20T20:35:00-04:00,19915.25,19918.25,19910.5,19914.25,202
2025-03-20T20:40:00-04:00,19913.5,19916.5,19908.25,19914.5,244
2025-03-20T20:45:00-04:00,19912.5,19915.25,19907.25,19910.75,195
2025-03-20T20:50:00-04:00,19912.25,19920.75,19910,19918.5,275
2025-03-20T20:55:00-04:00,19919.75,19922.75,19913,19913.25,273
2025-03-20T21:00:00-04:00,19913,19920,19910.25,19912.25,262
2025-03-20T21:05:00-04:00,19913,19916,19909,19912.25,271
2025-03-20T21:10:00-04:00,19912,19916.5,19902.75,19909.75,421
2025-03-20T21:15:00-04:00,19910,19912.5,19899.5,19908,293
2025-03-20T21:20:00-04:00,19908.75,19916.25,19908,19915,224
2025-03-20T21:25:00-04:00,19913.75,19920.75,19907.75,19918.5,284
2025-03-20T21:30:00-04:00,19919,19923,19914,19922.25,248
2025-03-20T21:35:00-04:00,19921.5,19932.75,19921.25,19930.25,397
2025-03-20T21:40:00-04:00,19931,19931,19923.5,19925.75,272
2025-03-20T21:45:00-04:00,19925,19929,19921.5,19922.75,184
2025-03-20T21:50:00-04:00,19923,19931.5,19923,19927,195
2025-03-20T21:55:00-04:00,19926,19926.5,19922.75,19924.75,128
2025-03-20T22:00:00-04:00,19925.25,19929.5,19921.25,19921.75,262
2025-03-20T22:05:00-04:00,19922.25,19925,19916,19919.25,309
2025-03-20T22:10:00-04:00,19920,19920,19909,19917.25,383
2025-03-20T22:15:00-04:00,19916.25,19917,19903.75,19905.5,319
2025-03-20T22:20:00-04:00,19905.5,19906.75,19890.75,19893.5,551
2025-03-20T22:25:00-04:00,19893.75,19904.5,19893,19903.5,283
2025-03-20T22:30:00-04:00,19903,19906.75,19897.5,19898.5,211
2025-03-20T22:35:00-04:00,19898.5,19907.5,19898,19904.75,221
2025-03-20T22:40:00-04:00,19905,19907,19899.5,19903.75,226
2025-03-20T22:45:00-04:00,19904.5,19915.5,19904,19913,332
2025-03-20T22:50:00-04:00,19913,19917.25,19911.25,19912.25,174
2025-03-20T22:55:00-04:00,19912,19913.25,19902,19902.25,286
2025-03-20T23:00:00-04:00,19903.75,19904.25,19880.75,19885.5,754
2025-03-20T23:05:00-04:00,19886.25,19892.25,19881.5,19884.5,404
2025-03-20T23:10:00-04:00,19885,19885.75,19877.5,19882,460
2025-03-20T23:15:00-04:00,19882.5,19882.75,19864.5,19878.5,594
2025-03-20T23:20:00-04:00,19877.75,19889.5,19876.5,19888.5,389
2025-03-20T23:25:00-04:00,19888.5,19895.25,19882,19885.75,404
2025-03-20T23:30:00-04:00,19883.75,19889,19881.25,19885.5,214
2025-03-20T23:35:00-04:00,19884.5,19888.75,19880.25,19886.75,179
2025-03-20T23:40:00-04:00,19887.5,19889,19884.25,19887.5,117
2025-03-20T23:45:00-04:00,19887.25,19892,19878.5,19884.25,365
2025-03-20T23:50:00-04:00,19883,19885.75,19876.75,19880.5,211
2025-03-20T23:55:00-04:00,19882,19887.5,19872,19874.5,254
2025-03-21T00:00:00-04:00,19874,19883,19872.5,19883,211
2025-03-21T00:05:00-04:00,19883,19891.5,19881.25,19890,267
2025-03-21T00:10:00-04:00,19891,19894,19889.25,19891.5,115
2025-03-21T00:15:00-04:00,19892.25,19894,19885,19891.5,156
2025-03-21T00:20:00-04:00,19892,19893.75,19882,19884.75,157
2025-03-21T00:25:00-04:00,19886,19891.75,19884,19889,162
2025-03-21T00:30:00-04:00,19889,19889.5,19883.5,19885,92
2025-03-21T00:35:00-04:00,19885.5,19890,19881.5,19883,138
2025-03-21T00:40:00-04:00,19882,19882.25,19873,19877.5,276
2025-03-21T00:45:00-04:00,19877.25,19879.25,19874,19877.75,118
2025-03-21T00:50:00-04:00,19876.75,19879,19868,19869,231
2025-03-21T00:55:00-04:00,19870.25,19877,19860.5,19869.5,377
2025-03-21T01:00:00-04:00,19869,19869.5,19858.5,19867,263
2025-03-21T01:05:00-04:00,19866.75,19866.75,19852.25,19854.25,466
2025-03-21T01:10:00-04:00,19854,19861.75,19852.25,19855.75,390
2025-03-21T01:15:00-04:00,19856.25,19872.5,19856.25,19870.75,347
2025-03-21T01:20:00-04:00,19871,19871.5,19866,19868.25,135
2025-03-21T01:25:00-04:00,19867.5,19872.5,19865.5,19866.75,152
2025-03-21T01:30:00-04:00,19867,19871.25,19863,19868,195
2025-03-21T01:35:00-04:00,19868.25,19870.75,19839,19843.25,501
2025-03-21T01:40:00-04:00,19844.25,19846.5,19828.5,19830.25,573
2025-03-21T01:45:00-04:00,19831,19838.25,19823.25,19823.5,488
2025-03-21T01:50:00-04:00,19823.5,19846.5,19823,19845.25,421
2025-03-21T01:55:00-04:00,19846.75,19851.25,19841.5,19850.75,227
2025-03-21T02:00:00-04:00,19849.25,19857.5,19845,19852.5,322
2025-03-21T02:05:00-04:00,19852.75,19855,19842.25,19845,266
2025-03-21T02:10:00-04:00,19845.5,19855.5,19842.75,19853.25,207
2025-03-21T02:15:00-04:00,19853.5,19853.75,19846.75,19849,156
2025-03-21T02:20:00-04:00,19849,19856,19846.5,19856,164
2025-03-21T02:25:00-04:00,19855.5,19865.25,19852.25,19856.25,402
2025-03-21T02:30:00-04:00,19857.5,19865.75,19849.75,19852,364
2025-03-21T02:35:00-04:00,19851.75,19875.5,19850,19873.75,509
2025-03-21T02:40:00-04:00,19874.75,19877.5,19863,19866.75,316
2025-03-21T02:45:00-04:00,19868.25,19873,19864.75,19870.25,205
2025-03-21T02:50:00-04:00,19869.75,19886.5,19869.75,19885.5,308
2025-03-21T02:55:00-04:00,19885,19892.25,19882,19891.25,282
2025-03-21T03:00:00-04:00,19892,19897,19879.25,19881,539
2025-03-21T03:05:00-04:00,19882.5,19883.75,19872.75,19877.25,370
2025-03-21T03:10:00-04:00,19878.25,19881.25,19871.75,19873.5,267
2025-03-21T03:15:00-04:00,19872.5,19873,19861,19866.25,368
2025-03-21T03:20:00-04:00,19865.5,19865.5,19857.5,19862.5,295
2025-03-21T03:25:00-04:00,19863.5,19863.75,19851.75,19855.5,372
2025-03-21T03:30:00-04:00,19854.75,19861,19844.25,19845.5,340
2025-03-21T03:35:00-04:00,19844.75,19850,19830.75,19830.75,699
2025-03-21T03:40:00-04:00,19830,19838.75,19820.25,19827.25,750
2025-03-21T03:45:00-04:00,19828,19834.5,19822.25,19828,480
2025-03-21T03:50:00-04:00,19829.25,19842.25,19827.25,19838.5,475
2025-03-21T03:55:00-04:00,19839.5,19845.25,19836,19841.25,427
2025-03-21T04:00:00-04:00,19842,19865.75,19831.75,19861.5,1613
2025-03-21T04:05:00-04:00,19862.75,19872.75,19855.25,19856.25,874
2025-03-21T04:10:00-04:00,19856.75,19860.25,19844.25,19852.5,698
2025-03-21T04:15:00-04:00,19854,19855,19821,19821.75,964
2025-03-21T04:20:00-04:00,19822.5,19823.75,19782.75,19789.25,2045
2025-03-21T04:25:00-04:00,19789.5,19796.25,19782,19789.25,1058
2025-03-21T04:30:00-04:00,19789.25,19796.25,19773.25,19776.25,978
2025-03-21T04:35:00-04:00,19777.75,19797.75,19777.25,19789,907
2025-03-21T04:40:00-04:00,19788.5,19803.75,19764,19775,1330
2025-03-21T04:45:00-04:00,19775,19795,19774.5,19777.25,976
2025-03-21T04:50:00-04:00,19776.75,19794.25,19767,19791.5,1028
2025-03-21T04:55:00-04:00,19791.75,19800.25,19789,19797.25,668
2025-03-21T05:00:00-04:00,19798,19802.75,19771.5,19772.25,930
2025-03-21T05:05:00-04:00,19770.75,19783,19759.5,19782.5,1082
2025-03-21T05:10:00-04:00,19783,19793.5,19774.25,19791.5,560
2025-03-21T05:15:00-04:00,19792.25,19793,19775,19775.5,526
2025-03-21T05:20:00-04:00,19776.25,19789.75,19769.5,19784.25,706
2025-03-21T05:25:00-04:00,19783.5,19798.75,19782.25,19790,405
2025-03-21T05:30:00-04:00,19789.75,19806.5,19785.25,19800.75,838
2025-03-21T05:35:00-04:00,19801,19808.25,19798.25,19804.75,733
2025-03-21T05:40:00-04:00,19804.75,19816.75,19804.75,19809.5,854
2025-03-21T05:45:00-04:00,19808.75,19810.25,19796.25,19798.75,488
2025-03-21T05:50:00-04:00,19798.25,19802.25,19792.75,19795.5,418
2025-03-21T05:55:00-04:00,19794.75,19798,19788.5,19797,516
2025-03-21T06:00:00-04:00,19797.25,19824,19796.25,19822.5,848
2025-03-21T06:05:00-04:00,19822,19824.25,19816,19819.5,658
2025-03-21T06:10:00-04:00,19819.75,19838.25,19813.5,19837.5,760
2025-03-21T06:15:00-04:00,19836.5,19845.25,19824.75,19826.75,683
2025-03-21T06:20:00-04:00,19826.5,19826.5,19810.75,19816.5,531
2025-03-21T06:25:00-04:00,19817,19818.25,19811,19817.5,381
2025-03-21T06:30:00-04:00,19816.25,19819.5,19782,19788,1262
2025-03-21T06:35:00-04:00,19787.25,19788.5,19770,19776.5,966
2025-03-21T06:40:00-04:00,19777.25,19794.5,19776,19787.25,705
2025-03-21T06:45:00-04:00,19786,19800.5,19782.75,19796.25,704
2025-03-21T06:50:00-04:00,19796.75,19810,19793.75,19806.75,718
2025-03-21T06:55:00-04:00,19807,19807.75,19792.5,19800.25,557
2025-03-21T07:00:00-04:00,19799.75,19810.75,19796.75,19803.25,712
2025-03-21T07:05:00-04:00,19801.75,19809,19791,19800.25,522
2025-03-21T07:10:00-04:00,19800.5,19808.5,19788.75,19807,716
2025-03-21T07:15:00-04:00,19806.75,19814.5,19801.5,19809.25,503
2025-03-21T07:20:00-04:00,19809,19812,19800.75,19803.25,322
2025-03-21T07:25:00-04:00,19802,19820.75,19798.25,19818.25,480
2025-03-21T07:30:00-04:00,19818.5,19823,19810.5,19817.5,587
2025-03-21T07:35:00-04:00,19817,19823.5,19808.75,19815.5,483
2025-03-21T07:40:00-04:00,19815,19824.25,19810,19811.75,446
2025-03-21T07:45:00-04:00,19812.5,19820.75,19807.25,19809.75,451
2025-03-21T07:50:00-04:00,19809.75,19813.25,19785.5,19788.75,748
2025-03-21T07:55:00-04:00,19789,19800.25,19787.75,19793,656
2025-03-21T08:00:00-04:00,19792.25,19820,19791,19817.5,894
2025-03-21T08:05:00-04:00,19818.25,19819.5,19808.75,19809.25,509
2025-03-21T08:10:00-04:00,19810.25,19830,19810.25,19825,676
2025-03-21T08:15:00-04:00,19824.5,19825.5,19805,19813.75,804
2025-03-21T08:20:00-04:00,19814.5,19818,19797.75,19802,741
2025-03-21T08:25:00-04:00,19802.75,19802.75,19789.25,19794,742
2025-03-21T08:30:00-04:00,19793,19797.75,19771,19773.5,1324
2025-03-21T08:35:00-04:00,19773.75,19781,19737.75,19750,3159
2025-03-21T08:40:00-04:00,19749.25,19749.25,19686.25,19696.5,5141
2025-03-21T08:45:00-04:00,19695.5,19720,19691.25,19710.5,2540
2025-03-21T08:50:00-04:00,19710,19713.25,19684.75,19699,2383
2025-03-21T08:55:00-04:00,19700,19708,19670.25,19681,2411
2025-03-21T09:00:00-04:00,19681.25,19682.5,19655,19671,3740
2025-03-21T09:05:00-04:00,19670.25,19679.75,19651.75,19661.75,2862
2025-03-21T09:10:00-04:00,19661.25,19669.5,19651,19654.5,2196
2025-03-21T09:15:00-04:00,19655,19673.25,19646,19668.25,2951
2025-03-21T09:20:00-04:00,19668,19674,19622.25,19623.5,5083
2025-03-21T09:25:00-04:00,19623.25,19664.75,19602.25,19657.25,11079
2025-03-21T09:30:00-04:00,19657.25,19711.5,19622.25,19656,18139
2025-03-21T09:35:00-04:00,19656,19660,19607.5,19636.5,10096
2025-03-21T09:40:00-04:00,19636,19702.5,19626.25,19683.5,9917
2025-03-21T09:45:00-04:00,19684.5,19719.75,19663,19704.5,8707
2025-03-21T09:50:00-04:00,19703.75,19739.75,19677,19719,10948
2025-03-21T09:55:00-04:00,19719.25,19752.25,19703,19718.5,8296
2025-03-21T10:00:00-04:00,19719.25,19728.75,19687.75,19721.75,8256
2025-03-21T10:05:00-04:00,19723.25,19737.75,19677,19683.25,7272
2025-03-21T10:10:00-04:00,19684,19722.5,19663,19717,9121
2025-03-21T10:15:00-04:00,19717.25,19735.5,19696,19720.5,6738
2025-03-21T10:20:00-04:00,19720.5,19772.75,19704.25,19759.5,7567
2025-03-21T10:25:00-04:00,19759.5,19773.5,19738,19743.75,6948
2025-03-21T10:30:00-04:00,19744.75,19758.5,19724.25,19745.5,6141
2025-03-21T10:35:00-04:00,19747.25,19760.75,19713,19713.25,4979
2025-03-21T10:40:00-04:00,19714,19745.5,19695.25,19736.75,6702
2025-03-21T10:45:00-04:00,19737.5,19758.5,19724.25,19742.5,5243
2025-03-21T10:50:00-04:00,19742.25,19752.5,19717.75,19741.25,4278
2025-03-21T10:55:00-04:00,19741.5,19797.25,19736.25,19793.75,7539
2025-03-21T11:00:00-04:00,19794,19812,19782.25,19785.5,7472
2025-03-21T11:05:00-04:00,19785,19799.25,19774.5,19787.75,4337
2025-03-21T11:10:00-04:00,19787.75,19794.5,19748,19750,4835
2025-03-21T11:15:00-04:00,19749.75,19755.25,19725.25,19726.75,6253
2025-03-21T11:20:00-04:00,19726.5,19739,19712,19720.25,5868
2025-03-21T11:25:00-04:00,19719.5,19727.75,19708.75,19716,4135
2025-03-21T11:30:00-04:00,19716.5,19749,19709.5,19729.75,5943
2025-03-21T11:35:00-04:00,19729.25,19738,19718,19720.75,3550
2025-03-21T11:40:00-04:00,19721.25,19728.75,19679.25,19684,6556
2025-03-21T11:45:00-04:00,19684.25,19721.25,19680.5,19707,5633
2025-03-21T11:50:00-04:00,19707.75,19732,19686.25,19717.75,8253
2025-03-21T11:55:00-04:00,19717.5,19739,19711.25,19712.5,6524
2025-03-21T12:00:00-04:00,19712.5,19736,19680.5,19727.5,7769
2025-03-21T12:05:00-04:00,19726.5,19761.5,19723.5,19759.5,5056
2025-03-21T12:10:00-04:00,19760.5,19807,19758,19801,7025
2025-03-21T12:15:00-04:00,19801.75,19847.5,19791.75,19835,8507
2025-03-21T12:20:00-04:00,19834.5,19866.25,19830.75,19863,7237
2025-03-21T12:25:00-04:00,19863.25,19868,19840.25,19846.25,5667
2025-03-21T12:30:00-04:00,19846.25,19873.25,19841.75,19859.75,5867
2025-03-21T12:35:00-04:00,19860,19861.75,19827.25,19842.25,5568
2025-03-21T12:40:00-04:00,19841.75,19856,19820.75,19826,4010
2025-03-21T12:45:00-04:00,19826.5,19867,19826.5,19859.25,5198
2025-03-21T12:50:00-04:00,19859,19871.5,19847.25,19859.5,4029
2025-03-21T12:55:00-04:00,19858.75,19896.25,19850.75,19895,6335
2025-03-21T13:00:00-04:00,19895.25,19895.25,19853,19864.5,5781
2025-03-21T13:05:00-04:00,19864.5,19878.5,19861.5,19873,3367
2025-03-21T13:10:00-04:00,19873.75,19881,19843.75,19850.25,4852
2025-03-21T13:15:00-04:00,19850.75,19854.25,19826,19827,3995
2025-03-21T13:20:00-04:00,19827.25,19854.5,19821.5,19847.75,4385
2025-03-21T13:25:00-04:00,19847.25,19851.25,19810,19821.75,3785
2025-03-21T13:30:00-04:00,19822.25,19832.25,19801.25,19827.75,4189
2025-03-21T13:35:00-04:00,19828,19857.5,19824,19856,3086
2025-03-21T13:40:00-04:00,19856,19878.5,19849.25,19864.25,4012
2025-03-21T13:45:00-04:00,19864.5,19889.75,19864,19887.75,3045
2025-03-21T13:50:00-04:00,19887.25,19900,19873.75,19883.5,4668
2025-03-21T13:55:00-04:00,19883.25,19887,19853.25,19857.5,3739
2025-03-21T14:00:00-04:00,19857,19878.75,19855,19873.25,3052
2025-03-21T14:05:00-04:00,19873.25,19873.75,19847.5,19863.25,3906
2025-03-21T14:10:00-04:00,19862,19869.5,19843.75,19859.75,4026
2025-03-21T14:15:00-04:00,19859.75,19871.25,19848.25,19867.75,2635
2025-03-21T14:20:00-04:00,19867.25,19872,19839.75,19848,3378
2025-03-21T14:25:00-04:00,19848.25,19854,19831.75,19841.5,2794
2025-03-21T14:30:00-04:00,19841.75,19864.75,19839.75,19855.25,2878
2025-03-21T14:35:00-04:00,19854.75,19877.5,19848.25,19870.75,3319
2025-03-21T14:40:00-04:00,19868.75,19888.75,19867,19883.75,3160
2025-03-21T14:45:00-04:00,19883.25,19888,19850,19865,3606
2025-03-21T14:50:00-04:00,19864.5,19871.75,19846.5,19856.5,2978
2025-03-21T14:55:00-04:00,19857.75,19877.25,19856.75,19859,3105
2025-03-21T15:00:00-04:00,19859.75,19863,19832.5,19841.25,3579
2025-03-21T15:05:00-04:00,19840.5,19850.25,19823.5,19827.25,3331
2025-03-21T15:10:00-04:00,19826.5,19838.5,19812.75,19834.75,4415
2025-03-21T15:15:00-04:00,19834.25,19844.75,19822.5,19838.75,3658
2025-03-21T15:20:00-04:00,19838.25,19852.25,19817,19845.75,4611
2025-03-21T15:25:00-04:00,19845.25,19846.25,19827.25,19841.5,4163
2025-03-21T15:30:00-04:00,19840.75,19849,19834,19839.75,3068
2025-03-21T15:35:00-04:00,19840.5,19859.75,19831.25,19846.5,4775
2025-03-21T15:40:00-04:00,19846.75,19854.25,19830,19849.75,4165
2025-03-21T15:45:00-04:00,19849.75,19864.5,19844,19850,4361
2025-03-21T15:50:00-04:00,19851,19917.5,19851,19911.25,10164
2025-03-21T15:55:00-04:00,19911.25,19974,19906,19953,20280
2025-03-21T16:00:00-04:00,19952.75,19971.5,19937.5,19950,9737
2025-03-21T16:05:00-04:00,19951,19952.75,19931.5,19943,3350
2025-03-21T16:10:00-04:00,19943.75,19962,19942,19955.5,1686
2025-03-21T16:15:00-04:00,19955.5,19959.75,19948.25,19957.75,818
2025-03-21T16:20:00-04:00,19957.25,19958,19948,19948.25,565
2025-03-21T16:25:00-04:00,19949.75,19958,19947.25,19957.25,695
2025-03-21T16:30:00-04:00,19956.75,19969.5,19956,19968.75,1001
2025-03-21T16:35:00-04:00,19969,19977.5,19968.25,19973,1394
2025-03-21T16:40:00-04:00,19973.25,19975.25,19963,19964,502
2025-03-21T16:45:00-04:00,19963.75,19965.5,19957.5,19964.75,640
2025-03-21T16:50:00-04:00,19964.75,19965.25,19957,19963.75,452
2025-03-21T16:55:00-04:00,19963.25,19972.5,19962.5,19970.75,1032