time,open,high,low,close,volume
2025-03-24T00:00:00-04:00,20104.0,20104.0,20096.0,20101.0,389.0
2025-03-24T00:05:00-04:00,20100.75,20102.25,20099.0,20100.25,138.0
2025-03-24T00:10:00-04:00,20100.0,20102.75,20098.5,20099.25,100.0
2025-03-24T00:15:00-04:00,20098.5,20105.25,20098.25,20104.25,157.0
2025-03-24T00:20:00-04:00,20104.75,20104.75,20101.0,20101.25,61.0
2025-03-24T00:25:00-04:00,20101.0,20109.25,20100.75,20105.75,268.0
2025-03-24T00:30:00-04:00,20106.75,20109.5,20106.0,20107.5,125.0
2025-03-24T00:35:00-04:00,20108.0,20113.75,20106.5,20111.0,243.0
2025-03-24T00:40:00-04:00,20111.0,20113.25,20109.5,20111.5,152.0
2025-03-24T00:45:00-04:00,20112.0,20113.0,20111.0,20111.5,109.0
2025-03-24T00:50:00-04:00,20111.25,20112.5,20109.5,20111.0,99.0
2025-03-24T00:55:00-04:00,20110.25,20113.0,20110.25,20112.5,79.0
2025-03-24T01:00:00-04:00,20111.75,20117.75,20111.75,20116.5,252.0
2025-03-24T01:05:00-04:00,20115.5,20121.0,20115.5,20115.5,286.0
2025-03-24T01:10:00-04:00,20115.0,20122.75,20113.5,20121.75,177.0
2025-03-24T01:15:00-04:00,20122.5,20124.5,20119.5,20122.75,217.0
2025-03-24T01:20:00-04:00,20122.75,20124.75,20120.75,20124.5,109.0
2025-03-24T01:25:00-04:00,20123.0,20126.0,20119.75,20119.75,189.0
2025-03-24T01:30:00-04:00,20119.5,20120.25,20113.75,20118.5,217.0
2025-03-24T01:35:00-04:00,20118.75,20121.5,20116.75,20117.75,81.0
2025-03-24T01:40:00-04:00,20117.25,20119.0,20115.75,20117.25,77.0
2025-03-24T01:45:00-04:00,20117.25,20118.25,20115.75,20117.5,57.0
2025-03-24T01:50:00-04:00,20116.75,20118.25,20116.25,20117.75,61.0
2025-03-24T01:55:00-04:00,20117.0,20119.75,20114.75,20116.5,134.0
2025-03-24T02:00:00-04:00,20116.5,20118.5,20114.75,20117.0,170.0
2025-03-24T02:05:00-04:00,20117.5,20118.0,20111.25,20113.5,137.0
2025-03-24T02:10:00-04:00,20113.25,20117.0,20110.25,20113.0,182.0
2025-03-24T02:15:00-04:00,20113.75,20118.75,20113.75,20117.0,128.0
2025-03-24T02:20:00-04:00,20116.75,20123.75,20115.25,20120.0,207.0
2025-03-24T02:25:00-04:00,20119.75,20122.0,20117.5,20121.0,151.0
2025-03-24T02:30:00-04:00,20121.0,20121.25,20114.75,20117.5,280.0
2025-03-24T02:35:00-04:00,20117.5,20123.75,20113.75,20119.75,305.0
2025-03-24T02:40:00-04:00,20119.5,20129.25,20119.5,20128.0,442.0
2025-03-24T02:45:00-04:00,20128.0,20135.75,20126.75,20135.25,420.0
2025-03-24T02:50:00-04:00,20136.0,20147.75,20133.0,20141.0,919.0
2025-03-24T02:55:00-04:00,20140.75,20149.75,20138.25,20146.75,549.0
2025-03-24T03:00:00-04:00,20146.5,20151.0,20140.5,20145.0,757.0
2025-03-24T03:05:00-04:00,20145.0,20147.75,20140.75,20146.75,327.0
2025-03-24T03:10:00-04:00,20148.0,20159.0,20146.75,20159.0,1633.0
2025-03-24T03:15:00-04:00,20159.25,20173.0,20158.75,20162.5,1456.0
2025-03-24T03:20:00-04:00,20163.0,20168.5,20161.25,20167.25,495.0
2025-03-24T03:25:00-04:00,20166.75,20172.75,20164.0,20172.0,1339.0
2025-03-24T03:30:00-04:00,20172.0,20172.75,20161.0,20162.75,671.0
2025-03-24T03:35:00-04:00,20162.75,20171.25,20160.75,20161.25,636.0
2025-03-24T03:40:00-04:00,20161.25,20163.25,20159.5,20162.0,306.0
2025-03-24T03:45:00-04:00,20162.0,20170.25,20162.0,20167.25,451.0
2025-03-24T03:50:00-04:00,20167.75,20168.25,20161.75,20166.75,377.0
2025-03-24T03:55:00-04:00,20166.0,20171.5,20166.0,20167.5,452.0
2025-03-24T04:00:00-04:00,20166.75,20187.5,20158.75,20187.0,2929.0
2025-03-24T04:05:00-04:00,20186.75,20215.25,20186.25,20215.0,1687.0
2025-03-24T04:10:00-04:00,20214.5,20220.25,20204.25,20218.0,1341.0
2025-03-24T04:15:00-04:00,20218.75,20227.25,20201.5,20203.5,1525.0
2025-03-24T04:20:00-04:00,20201.5,20209.5,20193.0,20206.5,794.0
2025-03-24T04:25:00-04:00,20206.5,20209.75,20200.5,20209.75,630.0
2025-03-24T04:30:00-04:00,20208.75,20210.75,20201.5,20207.75,613.0
2025-03-24T04:35:00-04:00,20208.0,20210.5,20202.75,20207.25,526.0
2025-03-24T04:40:00-04:00,20208.25,20216.75,20204.5,20205.75,670.0
2025-03-24T04:45:00-04:00,20206.0,20209.0,20197.75,20208.5,560.0
2025-03-24T04:50:00-04:00,20209.25,20220.75,20207.0,20220.0,899.0
2025-03-24T04:55:00-04:00,20219.25,20224.25,20210.0,20211.0,712.0
2025-03-24T05:00:00-04:00,20210.0,20213.0,20196.5,20201.75,715.0
2025-03-24T05:05:00-04:00,20202.0,20214.5,20200.5,20207.25,503.0
2025-03-24T05:10:00-04:00,20207.5,20221.75,20204.75,20221.0,450.0
2025-03-24T05:15:00-04:00,20220.5,20221.25,20206.25,20213.0,442.0
2025-03-24T05:20:00-04:00,20213.25,20215.5,20203.25,20206.5,498.0
2025-03-24T05:25:00-04:00,20207.0,20207.5,20195.5,20200.0,838.0
2025-03-24T05:30:00-04:00,20200.0,20200.25,20179.75,20182.25,1341.0
2025-03-24T05:35:00-04:00,20182.25,20194.75,20179.5,20185.0,1052.0
2025-03-24T05:40:00-04:00,20185.25,20191.25,20184.0,20185.75,1472.0
2025-03-24T05:45:00-04:00,20186.75,20204.0,20186.0,20202.0,1187.0
2025-03-24T05:50:00-04:00,20200.75,20201.0,20191.0,20195.0,484.0
2025-03-24T05:55:00-04:00,20194.5,20194.5,20187.0,20189.25,520.0
2025-03-24T06:00:00-04:00,20188.5,20194.75,20183.25,20187.0,557.0
2025-03-24T06:05:00-04:00,20187.0,20194.75,20186.0,20192.75,271.0
2025-03-24T06:10:00-04:00,20192.0,20194.75,20187.75,20192.0,210.0
2025-03-24T06:15:00-04:00,20190.75,20202.5,20189.0,20199.75,416.0
2025-03-24T06:20:00-04:00,20200.5,20214.0,20199.25,20208.5,839.0
2025-03-24T06:25:00-04:00,20208.0,20212.0,20205.25,20211.0,357.0
2025-03-24T06:30:00-04:00,20210.75,20224.0,20209.25,20219.25,713.0
2025-03-24T06:35:00-04:00,20219.5,20230.0,20218.75,20226.75,906.0
2025-03-24T06:40:00-04:00,20227.25,20228.0,20221.5,20225.0,465.0
2025-03-24T06:45:00-04:00,20226.0,20226.0,20215.75,20217.75,464.0
2025-03-24T06:50:00-04:00,20218.25,20220.5,20215.25,20219.0,467.0
2025-03-24T06:55:00-04:00,20218.75,20218.75,20213.25,20214.75,558.0
2025-03-24T07:00:00-04:00,20214.0,20224.5,20210.25,20219.0,793.0
2025-03-24T07:05:00-04:00,20219.0,20223.25,20210.5,20222.0,997.0
2025-03-24T07:10:00-04:00,20221.75,20248.5,20220.25,20246.0,3061.0
2025-03-24T07:15:00-04:00,20245.0,20249.25,20239.0,20243.25,1540.0
2025-03-24T07:20:00-04:00,20243.5,20252.75,20240.25,20241.5,1389.0
2025-03-24T07:25:00-04:00,20242.0,20247.5,20235.5,20242.0,656.0
2025-03-24T07:30:00-04:00,20242.5,20244.25,20231.0,20232.0,537.0
2025-03-24T07:35:00-04:00,20231.25,20248.0,20227.25,20247.5,1261.0
2025-03-24T07:40:00-04:00,20246.75,20251.75,20238.0,20239.5,1201.0
2025-03-24T07:45:00-04:00,20239.25,20260.25,20238.75,20256.75,1109.0
2025-03-24T07:50:00-04:00,20257.0,20257.5,20252.5,20253.0,427.0
2025-03-24T07:55:00-04:00,20252.75,20262.75,20248.0,20253.0,1044.0
2025-03-24T08:00:00-04:00,20253.75,20260.25,20247.0,20250.0,1343.0
2025-03-24T08:05:00-04:00,20250.0,20259.0,20248.5,20257.0,455.0
2025-03-24T08:10:00-04:00,20256.25,20260.0,20243.75,20246.0,879.0
2025-03-24T08:15:00-04:00,20245.5,20249.0,20237.75,20239.5,1245.0
2025-03-24T08:20:00-04:00,20239.75,20256.25,20237.75,20256.0,1335.0
2025-03-24T08:25:00-04:00,20255.25,20261.0,20254.5,20259.25,846.0
2025-03-24T08:30:00-04:00,20260.25,20271.25,20258.5,20266.5,1865.0
2025-03-24T08:35:00-04:00,20266.5,20270.5,20260.5,20266.75,1082.0
2025-03-24T08:40:00-04:00,20266.75,20276.25,20261.0,20273.75,1066.0
2025-03-24T08:45:00-04:00,20274.5,20275.75,20264.0,20272.5,1018.0
2025-03-24T08:50:00-04:00,20272.75,20274.5,20265.75,20272.0,755.0
2025-03-24T08:55:00-04:00,20271.25,20275.0,20261.5,20273.0,1068.0
2025-03-24T09:00:00-04:00,20272.75,20285.5,20266.75,20285.5,1901.0
2025-03-24T09:05:00-04:00,20285.25,20285.75,20278.25,20280.5,1419.0
2025-03-24T09:10:00-04:00,20280.75,20286.0,20273.25,20275.5,1500.0
2025-03-24T09:15:00-04:00,20275.25,20286.0,20267.25,20275.75,2163.0
2025-03-24T09:20:00-04:00,20275.75,20278.0,20264.5,20266.0,1565.0
2025-03-24T09:25:00-04:00,20266.0,20271.25,20252.5,20256.5,3447.0
2025-03-24T09:30:00-04:00,20256.25,20273.25,20229.75,20234.0,17381.0
2025-03-24T09:35:00-04:00,20234.25,20293.0,20229.25,20282.5,12195.0
2025-03-24T09:40:00-04:00,20282.25,20289.75,20247.0,20268.0,8868.0
2025-03-24T09:45:00-04:00,20267.75,20315.75,20262.25,20315.0,9658.0
2025-03-24T09:50:00-04:00,20314.0,20328.0,20304.0,20320.0,7056.0
2025-03-24T09:55:00-04:00,20320.25,20338.5,20310.25,20316.0,7353.0
2025-03-24T10:00:00-04:00,20315.5,20329.0,20304.25,20314.75,7323.0
2025-03-24T10:05:00-04:00,20315.25,20319.25,20274.75,20281.0,7750.0
2025-03-24T10:10:00-04:00,20281.75,20320.0,20281.0,20318.5,7232.0
2025-03-24T10:15:00-04:00,20318.0,20337.0,20310.0,20333.75,7184.0
2025-03-24T10:20:00-04:00,20334.5,20347.5,20324.25,20344.0,6004.0
2025-03-24T10:25:00-04:00,20344.0,20344.75,20331.75,20338.75,5150.0
2025-03-24T10:30:00-04:00,20339.75,20350.0,20316.25,20329.0,8555.0
2025-03-24T10:35:00-04:00,20329.75,20341.25,20317.0,20320.5,5684.0
2025-03-24T10:40:00-04:00,20320.5,20339.5,20315.5,20331.25,4716.0
2025-03-24T10:45:00-04:00,20331.25,20357.5,20328.25,20356.75,5669.0
2025-03-24T10:50:00-04:00,20356.25,20359.5,20349.0,20352.25,4707.0
2025-03-24T10:55:00-04:00,20352.25,20356.0,20341.75,20349.5,4210.0
2025-03-24T11:00:00-04:00,20349.25,20356.75,20328.25,20352.75,5882.0
2025-03-24T11:05:00-04:00,20352.5,20370.25,20349.25,20362.25,5452.0
2025-03-24T11:10:00-04:00,20362.0,20368.5,20352.5,20358.75,4339.0
2025-03-24T11:15:00-04:00,20358.25,20369.0,20356.25,20365.75,3126.0
2025-03-24T11:20:00-04:00,20365.75,20369.75,20355.0,20360.25,2847.0
2025-03-24T11:25:00-04:00,20360.75,20362.0,20344.75,20355.75,3807.0
2025-03-24T11:30:00-04:00,20356.0,20356.25,20341.75,20354.25,3667.0
2025-03-24T11:35:00-04:00,20353.75,20361.5,20329.75,20333.0,4856.0
2025-03-24T11:40:00-04:00,20332.75,20342.75,20328.5,20334.25,3643.0
2025-03-24T11:45:00-04:00,20335.0,20345.0,20330.0,20331.25,3412.0
2025-03-24T11:50:00-04:00,20331.5,20358.5,20330.5,20351.5,3693.0
2025-03-24T11:55:00-04:00,20352.25,20358.25,20350.5,20354.5,2227.0
2025-03-24T12:00:00-04:00,20355.0,20364.0,20347.5,20361.75,4189.0
2025-03-24T12:05:00-04:00,20362.0,20380.75,20361.5,20374.25,5121.0
2025-03-24T12:10:00-04:00,20374.25,20375.75,20362.5,20370.0,3184.0
2025-03-24T12:15:00-04:00,20370.75,20372.5,20356.5,20358.5,3348.0
2025-03-24T12:20:00-04:00,20358.75,20375.0,20356.0,20374.75,2541.0
2025-03-24T12:25:00-04:00,20374.25,20374.25,20334.0,20338.0,9545.0
2025-03-24T12:30:00-04:00,20337.5,20348.0,20324.0,20343.5,4585.0
2025-03-24T12:35:00-04:00,20343.25,20353.5,20338.25,20341.5,3461.0
2025-03-24T12:40:00-04:00,20342.0,20344.75,20319.0,20340.0,4421.0
2025-03-24T12:45:00-04:00,20340.25,20360.5,20339.5,20352.75,4230.0
2025-03-24T12:50:00-04:00,20353.0,20358.5,20343.0,20348.5,2550.0
2025-03-24T12:55:00-04:00,20349.5,20350.75,20334.25,20341.5,2888.0
2025-03-24T13:00:00-04:00,20342.5,20346.75,20330.0,20334.25,3110.0
2025-03-24T13:05:00-04:00,20334.0,20347.5,20329.75,20333.0,3014.0
2025-03-24T13:10:00-04:00,20332.5,20336.75,20317.0,20322.25,3188.0
2025-03-24T13:15:00-04:00,20322.25,20335.0,20316.25,20318.75,3923.0
2025-03-24T13:20:00-04:00,20317.75,20328.75,20309.0,20324.25,3583.0
2025-03-24T13:25:00-04:00,20324.25,20338.25,20321.5,20337.25,3221.0
2025-03-24T13:30:00-04:00,20337.75,20349.25,20334.0,20343.0,3798.0
2025-03-24T13:35:00-04:00,20343.0,20350.25,20330.75,20348.0,2952.0
2025-03-24T13:40:00-04:00,20348.0,20348.5,20329.25,20336.0,2736.0
2025-03-24T13:45:00-04:00,20336.0,20341.5,20331.25,20339.25,2637.0
2025-03-24T13:50:00-04:00,20340.0,20349.75,20330.5,20336.0,2302.0
2025-03-24T13:55:00-04:00,20335.5,20343.0,20326.0,20342.5,2536.0
2025-03-24T14:00:00-04:00,20342.75,20345.0,20308.25,20319.0,4525.0
2025-03-24T14:05:00-04:00,20318.75,20335.5,20318.25,20326.75,3376.0
2025-03-24T14:10:00-04:00,20326.75,20330.0,20318.25,20321.0,2460.0
2025-03-24T14:15:00-04:00,20320.75,20338.5,20315.5,20328.0,2728.0
2025-03-24T14:20:00-04:00,20327.5,20335.75,20323.25,20331.5,2612.0
2025-03-24T14:25:00-04:00,20331.5,20339.75,20322.75,20335.0,2437.0
2025-03-24T14:30:00-04:00,20335.5,20338.0,20318.75,20324.25,3515.0
2025-03-24T14:35:00-04:00,20324.5,20359.5,20317.0,20346.25,5113.0
2025-03-24T14:40:00-04:00,20347.0,20372.75,20337.25,20359.5,8115.0
2025-03-24T14:45:00-04:00,20359.5,20363.75,20328.25,20360.75,7766.0
2025-03-24T14:50:00-04:00,20361.5,20373.5,20359.0,20368.0,4258.0
2025-03-24T14:55:00-04:00,20368.0,20369.25,20360.0,20366.0,2892.0
2025-03-24T15:00:00-04:00,20366.25,20376.5,20359.75,20375.5,3281.0
2025-03-24T15:05:00-04:00,20375.5,20391.5,20374.75,20383.75,5207.0
2025-03-24T15:10:00-04:00,20383.75,20385.0,20373.25,20374.5,2951.0
2025-03-24T15:15:00-04:00,20374.75,20387.0,20374.0,20385.0,2753.0
2025-03-24T15:20:00-04:00,20384.5,20385.0,20374.0,20381.25,2563.0
2025-03-24T15:25:00-04:00,20381.0,20383.5,20366.5,20370.75,3537.0
2025-03-24T15:30:00-04:00,20370.5,20376.75,20366.25,20370.25,3145.0
2025-03-24T15:35:00-04:00,20370.0,20372.25,20360.75,20365.5,3525.0
2025-03-24T15:40:00-04:00,20366.0,20384.0,20363.0,20373.0,4140.0
2025-03-24T15:45:00-04:00,20373.25,20391.25,20369.5,20383.5,6038.0
2025-03-24T15:50:00-04:00,20383.75,20407.5,20368.0,20397.75,10629.0
2025-03-24T15:55:00-04:00,20398.25,20409.5,20365.75,20365.75,22187.0
2025-03-24T16:00:00-04:00,20365.75,20377.25,20360.25,20362.25,8846.0
2025-03-24T16:05:00-04:00,20362.25,20370.75,20357.25,20369.0,3050.0
2025-03-24T16:10:00-04:00,20369.5,20374.0,20362.5,20370.75,1788.0
2025-03-24T16:15:00-04:00,20370.25,20379.25,20369.25,20373.75,1082.0
2025-03-24T16:20:00-04:00,20373.75,20375.75,20370.75,20374.0,451.0
2025-03-24T16:25:00-04:00,20374.25,20374.75,20366.0,20367.25,574.0
2025-03-24T16:30:00-04:00,20367.0,20371.25,20363.5,20364.25,627.0
2025-03-24T16:35:00-04:00,20364.5,20366.75,20362.75,20366.25,350.0
2025-03-24T16:40:00-04:00,20366.25,20368.25,20365.5,20366.0,400.0
2025-03-24T16:45:00-04:00,20366.25,20368.75,20363.75,20368.25,529.0
2025-03-24T16:50:00-04:00,20368.0,20368.0,20359.0,20359.75,501.0
2025-03-24T16:55:00-04:00,20359.75,20361.0,20356.25,20357.25,653.0
2025-03-24T18:00:00-04:00,20353.0,20366.25,20353.0,20359.0,374.0
2025-03-24T18:05:00-04:00,20359.0,20362.25,20353.25,20354.0,231.0
2025-03-24T18:10:00-04:00,20355.0,20356.25,20342.5,20348.25,565.0
2025-03-24T18:15:00-04:00,20348.5,20350.25,20344.5,20347.5,244.0
2025-03-24T18:20:00-04:00,20347.5,20349.75,20345.5,20348.0,172.0
2025-03-24T18:25:00-04:00,20348.5,20350.75,20342.5,20343.75,321.0
2025-03-24T18:30:00-04:00,20344.0,20353.5,20343.25,20351.75,218.0
2025-03-24T18:35:00-04:00,20351.0,20356.5,20349.25,20350.5,233.0
2025-03-24T18:40:00-04:00,20351.75,20354.0,20348.75,20353.25,113.0
2025-03-24T18:45:00-04:00,20352.25,20355.0,20346.5,20348.0,127.0
2025-03-24T18:50:00-04:00,20347.0,20349.5,20342.25,20349.25,223.0
2025-03-24T18:55:00-04:00,20349.5,20350.0,20346.0,20348.25,74.0
2025-03-24T19:00:00-04:00,20348.5,20358.0,20346.25,20353.5,397.0
2025-03-24T19:05:00-04:00,20353.25,20355.25,20343.5,20349.25,276.0
2025-03-24T19:10:00-04:00,20350.0,20350.0,20345.25,20348.75,195.0
2025-03-24T19:15:00-04:00,20348.75,20351.75,20348.0,20350.75,125.0
2025-03-24T19:20:00-04:00,20349.75,20350.0,20347.5,20349.75,87.0
2025-03-24T19:25:00-04:00,20350.0,20351.25,20347.0,20351.25,150.0
2025-03-24T19:30:00-04:00,20352.0,20361.75,20351.75,20358.75,478.0
2025-03-24T19:35:00-04:00,20360.25,20364.75,20358.5,20362.5,272.0
2025-03-24T19:40:00-04:00,20363.25,20367.25,20360.75,20366.5,247.0
2025-03-24T19:45:00-04:00,20366.75,20367.75,20359.75,20361.0,336.0
2025-03-24T19:50:00-04:00,20361.75,20362.5,20358.25,20359.75,108.0
2025-03-24T19:55:00-04:00,20359.5,20361.25,20354.0,20355.0,217.0
2025-03-24T20:00:00-04:00,20354.75,20363.0,20352.75,20355.0,393.0
2025-03-24T20:05:00-04:00,20354.75,20358.25,20343.5,20350.0,419.0
2025-03-24T20:10:00-04:00,20350.0,20353.25,20346.25,20348.5,277.0
2025-03-24T20:15:00-04:00,20349.25,20358.25,20334.0,20355.25,1296.0
2025-03-24T20:20:00-04:00,20355.25,20361.0,20348.75,20352.5,1275.0
2025-03-24T20:25:00-04:00,20352.5,20358.25,20348.75,20350.5,660.0
2025-03-24T20:30:00-04:00,20350.0,20354.5,20346.5,20352.75,752.0
2025-03-24T20:35:00-04:00,20352.5,20353.5,20347.5,20352.75,344.0
2025-03-24T20:40:00-04:00,20352.75,20352.75,20347.75,20349.5,280.0
2025-03-24T20:45:00-04:00,20349.5,20354.5,20348.0,20354.25,259.0
2025-03-24T20:50:00-04:00,20354.25,20365.0,20353.75,20364.0,695.0
2025-03-24T20:55:00-04:00,20363.25,20371.5,20361.0,20368.75,369.0
2025-03-24T21:00:00-04:00,20367.75,20367.75,20361.75,20364.5,258.0
2025-03-24T21:05:00-04:00,20364.75,20366.0,20360.0,20360.25,168.0
2025-03-24T21:10:00-04:00,20361.5,20374.75,20360.25,20369.25,477.0
2025-03-24T21:15:00-04:00,20369.5,20370.5,20362.0,20367.25,278.0
2025-03-24T21:20:00-04:00,20367.75,20371.5,20366.5,20368.0,220.0
2025-03-24T21:25:00-04:00,20368.5,20369.75,20363.75,20365.0,146.0
2025-03-24T21:30:00-04:00,20364.0,20366.75,20358.5,20364.0,247.0
2025-03-24T21:35:00-04:00,20364.25,20369.75,20360.5,20369.75,261.0
2025-03-24T21:40:00-04:00,20369.5,20373.25,20366.5,20371.25,303.0
2025-03-24T21:45:00-04:00,20371.75,20373.0,20368.0,20370.5,195.0
2025-03-24T21:50:00-04:00,20370.0,20371.5,20364.5,20366.75,276.0
2025-03-24T21:55:00-04:00,20366.25,20366.5,20359.75,20361.5,429.0
2025-03-24T22:00:00-04:00,20360.75,20360.75,20347.75,20350.75,588.0
2025-03-24T22:05:00-04:00,20351.25,20351.5,20344.0,20346.75,387.0
2025-03-24T22:10:00-04:00,20347.0,20347.75,20345.0,20346.25,142.0
2025-03-24T22:15:00-04:00,20346.75,20347.5,20344.5,20346.5,126.0
2025-03-24T22:20:00-04:00,20347.0,20350.75,20343.5,20346.75,268.0
2025-03-24T22:25:00-04:00,20347.0,20353.75,20347.0,20353.25,2038.0
2025-03-24T22:30:00-04:00,20353.5,20353.75,20345.5,20350.0,411.0
2025-03-24T22:35:00-04:00,20350.0,20353.0,20349.5,20352.75,148.0
2025-03-24T22:40:00-04:00,20352.5,20352.5,20345.75,20348.0,208.0
2025-03-24T22:45:00-04:00,20347.5,20348.5,20338.0,20341.0,444.0
2025-03-24T22:50:00-04:00,20340.5,20343.5,20339.0,20342.5,187.0
2025-03-24T22:55:00-04:00,20343.0,20344.5,20340.0,20344.25,196.0
2025-03-24T23:00:00-04:00,20343.5,20346.25,20343.5,20345.0,145.0
2025-03-24T23:05:00-04:00,20345.0,20346.75,20344.0,20344.75,112.0
2025-03-24T23:10:00-04:00,20344.5,20348.25,20343.0,20346.75,157.0
2025-03-24T23:15:00-04:00,20346.5,20346.5,20333.0,20336.5,457.0
2025-03-24T23:20:00-04:00,20336.5,20339.25,20335.5,20335.75,195.0
2025-03-24T23:25:00-04:00,20336.0,20336.5,20333.25,20335.25,212.0
2025-03-24T23:30:00-04:00,20334.25,20337.25,20329.75,20333.25,351.0
2025-03-24T23:35:00-04:00,20335.25,20338.0,20334.0,20337.25,120.0
2025-03-24T23:40:00-04:00,20337.25,20337.5,20334.75,20337.0,85.0
2025-03-24T23:45:00-04:00,20337.0,20339.0,20334.75,20336.5,163.0
2025-03-24T23:50:00-04:00,20337.0,20338.0,20334.0,20335.75,118.0
2025-03-24T23:55:00-04:00,20335.75,20338.75,20335.0,20338.75,134.0
2025-03-25T00:00:00-04:00,20338.75,20341.75,20333.0,20336.5,336.0
2025-03-25T00:05:00-04:00,20336.0,20336.75,20331.0,20335.0,125.0
2025-03-25T00:10:00-04:00,20335.0,20335.75,20332.0,20332.25,90.0
2025-03-25T00:15:00-04:00,20332.0,20335.0,20330.0,20332.25,189.0
2025-03-25T00:20:00-04:00,20332.75,20333.5,20330.25,20332.5,129.0
2025-03-25T00:25:00-04:00,20331.75,20333.0,20329.0,20330.25,133.0
2025-03-25T00:30:00-04:00,20331.5,20332.75,20328.5,20332.25,147.0
2025-03-25T00:35:00-04:00,20332.0,20336.75,20332.0,20335.0,177.0
2025-03-25T00:40:00-04:00,20335.5,20339.0,20335.25,20337.75,151.0
2025-03-25T00:45:00-04:00,20337.25,20337.25,20334.5,20336.5,72.0
2025-03-25T00:50:00-04:00,20337.0,20338.25,20336.25,20336.75,52.0
2025-03-25T00:55:00-04:00,20337.0,20338.0,20335.5,20336.0,90.0
2025-03-25T01:00:00-04:00,20336.0,20336.25,20333.0,20335.25,161.0
2025-03-25T01:05:00-04:00,20336.0,20339.75,20334.0,20339.0,166.0
2025-03-25T01:10:00-04:00,20338.75,20341.25,20337.0,20340.75,153.0
2025-03-25T01:15:00-04:00,20341.0,20343.0,20339.75,20341.5,188.0
2025-03-25T01:20:00-04:00,20341.0,20341.0,20336.25,20338.75,122.0
2025-03-25T01:25:00-04:00,20339.0,20341.5,20337.25,20339.5,127.0
2025-03-25T01:30:00-04:00,20339.75,20339.75,20335.25,20337.75,93.0
2025-03-25T01:35:00-04:00,20337.75,20338.5,20335.5,20337.75,108.0
2025-03-25T01:40:00-04:00,20337.5,20339.75,20336.75,20337.25,75.0
2025-03-25T01:45:00-04:00,20337.75,20341.5,20337.75,20339.5,57.0
2025-03-25T01:50:00-04:00,20339.5,20341.5,20339.25,20340.25,64.0
2025-03-25T01:55:00-04:00,20340.5,20342.25,20340.5,20341.25,76.0
2025-03-25T02:00:00-04:00,20341.5,20342.75,20337.75,20342.0,266.0
2025-03-25T02:05:00-04:00,20341.5,20343.0,20338.25,20339.25,101.0
2025-03-25T02:10:00-04:00,20338.75,20342.5,20337.25,20342.0,199.0
2025-03-25T02:15:00-04:00,20341.25,20343.0,20335.5,20336.5,160.0
2025-03-25T02:20:00-04:00,20337.0,20341.75,20336.75,20339.75,194.0
2025-03-25T02:25:00-04:00,20339.25,20339.25,20336.0,20337.75,132.0
2025-03-25T02:30:00-04:00,20337.75,20342.5,20332.25,20342.0,297.0
2025-03-25T02:35:00-04:00,20342.5,20345.25,20338.5,20342.75,200.0
2025-03-25T02:40:00-04:00,20342.75,20342.75,20340.5,20341.0,84.0
2025-03-25T02:45:00-04:00,20341.5,20342.75,20336.5,20338.5,119.0
2025-03-25T02:50:00-04:00,20339.0,20344.25,20339.0,20342.5,212.0
2025-03-25T02:55:00-04:00,20342.75,20351.0,20342.75,20351.0,244.0
2025-03-25T03:00:00-04:00,20350.25,20360.5,20349.5,20360.25,547.0
2025-03-25T03:05:00-04:00,20359.5,20372.0,20359.5,20365.5,614.0
2025-03-25T03:10:00-04:00,20365.75,20370.25,20363.0,20368.0,306.0
2025-03-25T03:15:00-04:00,20368.0,20371.25,20364.25,20365.25,326.0
2025-03-25T03:20:00-04:00,20366.0,20368.25,20361.5,20362.0,322.0
2025-03-25T03:25:00-04:00,20361.5,20362.0,20357.5,20358.75,319.0
2025-03-25T03:30:00-04:00,20358.25,20361.0,20351.5,20351.5,431.0
2025-03-25T03:35:00-04:00,20352.25,20353.5,20350.0,20353.0,328.0
2025-03-25T03:40:00-04:00,20352.75,20354.5,20346.75,20347.25,320.0
2025-03-25T03:45:00-04:00,20347.0,20348.0,20342.25,20346.75,372.0
2025-03-25T03:50:00-04:00,20346.5,20349.25,20345.0,20346.0,259.0
2025-03-25T03:55:00-04:00,20346.0,20348.0,20338.25,20338.25,416.0
2025-03-25T04:00:00-04:00,20339.0,20349.0,20339.0,20347.5,920.0
2025-03-25T04:05:00-04:00,20348.0,20350.5,20323.5,20327.5,1602.0
2025-03-25T04:10:00-04:00,20327.75,20333.25,20316.5,20318.5,1044.0
2025-03-25T04:15:00-04:00,20318.5,20318.75,20294.0,20297.25,2098.0
2025-03-25T04:20:00-04:00,20297.75,20314.75,20297.0,20312.75,1200.0
2025-03-25T04:25:00-04:00,20314.0,20317.5,20299.0,20299.5,915.0
2025-03-25T04:30:00-04:00,20299.0,20304.0,20293.0,20296.25,689.0
2025-03-25T04:35:00-04:00,20296.75,20308.5,20294.0,20307.0,594.0
2025-03-25T04:40:00-04:00,20306.25,20308.5,20300.0,20307.25,501.0
2025-03-25T04:45:00-04:00,20306.75,20312.5,20301.0,20310.5,466.0
2025-03-25T04:50:00-04:00,20310.0,20321.25,20310.0,20313.5,811.0
2025-03-25T04:55:00-04:00,20312.75,20314.5,20302.0,20303.75,619.0
2025-03-25T05:00:00-04:00,20303.75,20312.25,20297.0,20307.25,700.0
2025-03-25T05:05:00-04:00,20307.5,20313.75,20296.5,20298.75,730.0
2025-03-25T05:10:00-04:00,20298.75,20305.0,20297.5,20303.5,305.0
2025-03-25T05:15:00-04:00,20304.0,20308.75,20301.5,20306.25,467.0
2025-03-25T05:20:00-04:00,20307.25,20318.0,20305.0,20310.75,723.0
2025-03-25T05:25:00-04:00,20311.25,20326.0,20306.25,20315.75,1594.0
2025-03-25T05:30:00-04:00,20315.5,20328.0,20312.0,20325.0,2429.0
2025-03-25T05:35:00-04:00,20325.25,20331.25,20324.0,20327.25,1417.0
2025-03-25T05:40:00-04:00,20327.75,20331.75,20322.75,20330.25,432.0
2025-03-25T05:45:00-04:00,20330.0,20340.25,20328.75,20337.25,849.0
2025-03-25T05:50:00-04:00,20337.5,20345.75,20332.5,20343.25,811.0
2025-03-25T05:55:00-04:00,20343.0,20344.25,20338.75,20343.5,401.0
2025-03-25T06:00:00-04:00,20343.0,20348.75,20336.25,20336.75,628.0
2025-03-25T06:05:00-04:00,20336.25,20337.0,20329.5,20331.25,798.0
2025-03-25T06:10:00-04:00,20330.75,20334.0,20320.75,20334.0,859.0
2025-03-25T06:15:00-04:00,20334.0,20347.75,20334.0,20346.5,740.0
2025-03-25T06:20:00-04:00,20346.75,20369.25,20346.75,20356.25,1184.0
2025-03-25T06:25:00-04:00,20356.0,20360.0,20354.25,20356.5,258.0
2025-03-25T06:30:00-04:00,20357.0,20364.0,20355.25,20360.5,496.0
2025-03-25T06:35:00-04:00,20360.5,20366.5,20355.0,20364.0,531.0
2025-03-25T06:40:00-04:00,20363.25,20373.5,20360.25,20372.75,652.0
2025-03-25T06:45:00-04:00,20372.5,20383.0,20370.0,20376.5,1228.0
2025-03-25T06:50:00-04:00,20376.5,20377.0,20368.75,20372.0,461.0
2025-03-25T06:55:00-04:00,20371.25,20377.75,20367.25,20374.5,646.0
2025-03-25T07:00:00-04:00,20373.75,20396.0,20373.25,20382.0,1208.0
2025-03-25T07:05:00-04:00,20381.5,20385.5,20364.0,20368.25,1276.0
2025-03-25T07:10:00-04:00,20368.5,20380.5,20368.25,20374.0,1459.0
2025-03-25T07:15:00-04:00,20374.5,20383.75,20367.5,20376.75,492.0
2025-03-25T07:20:00-04:00,20377.25,20382.5,20376.5,20377.75,317.0
2025-03-25T07:25:00-04:00,20377.75,20386.25,20374.0,20385.5,443.0
2025-03-25T07:30:00-04:00,20386.0,20393.0,20378.0,20390.5,613.0
2025-03-25T07:35:00-04:00,20390.75,20395.0,20388.0,20388.75,737.0
2025-03-25T07:40:00-04:00,20389.5,20399.25,20389.0,20395.0,599.0
2025-03-25T07:45:00-04:00,20395.0,20404.0,20392.5,20403.5,891.0
2025-03-25T07:50:00-04:00,20403.0,20410.5,20399.25,20405.5,895.0
2025-03-25T07:55:00-04:00,20406.0,20416.5,20405.25,20411.75,1009.0
2025-03-25T08:00:00-04:00,20412.0,20419.25,20407.0,20411.5,1189.0
2025-03-25T08:05:00-04:00,20411.25,20415.0,20406.75,20408.5,781.0
2025-03-25T08:10:00-04:00,20407.25,20414.0,20404.0,20412.25,586.0
2025-03-25T08:15:00-04:00,20412.75,20413.5,20406.25,20410.75,560.0
2025-03-25T08:20:00-04:00,20411.0,20414.0,20405.0,20412.0,635.0
2025-03-25T08:25:00-04:00,20412.75,20426.5,20411.25,20421.75,909.0
2025-03-25T08:30:00-04:00,20421.75,20447.5,20419.25,20443.75,2472.0
2025-03-25T08:35:00-04:00,20443.0,20445.0,20434.25,20434.25,1094.0
2025-03-25T08:40:00-04:00,20435.0,20436.5,20425.5,20427.75,989.0
2025-03-25T08:45:00-04:00,20427.25,20433.25,20424.25,20427.0,872.0
2025-03-25T08:50:00-04:00,20427.75,20428.25,20410.25,20412.5,1416.0
2025-03-25T08:55:00-04:00,20412.25,20412.75,20403.5,20407.0,1243.0
2025-03-25T09:00:00-04:00,20407.0,20420.0,20402.25,20417.0,1735.0
2025-03-25T09:05:00-04:00,20417.25,20429.0,20413.25,20428.75,1232.0
2025-03-25T09:10:00-04:00,20428.75,20434.75,20423.75,20426.5,1338.0
2025-03-25T09:15:00-04:00,20426.75,20431.75,20421.0,20421.25,999.0
2025-03-25T09:20:00-04:00,20421.0,20429.75,20418.5,20426.5,987.0
2025-03-25T09:25:00-04:00,20426.5,20429.25,20394.75,20401.5,3463.0
2025-03-25T09:30:00-04:00,20401.25,20421.5,20386.0,20402.5,11983.0
2025-03-25T09:35:00-04:00,20402.25,20406.5,20379.25,20396.5,10902.0
2025-03-25T09:40:00-04:00,20397.5,20429.0,20369.0,20394.0,11680.0
2025-03-25T09:45:00-04:00,20394.75,20408.5,20361.75,20373.25,8452.0
2025-03-25T09:50:00-04:00,20373.25,20407.25,20363.75,20401.75,6463.0
2025-03-25T09:55:00-04:00,20401.0,20423.25,20399.75,20410.75,5715.0
2025-03-25T10:00:00-04:00,20414.25,20440.25,20370.75,20387.0,9250.0
2025-03-25T10:05:00-04:00,20387.25,20420.0,20385.75,20412.25,6637.0
2025-03-25T10:10:00-04:00,20411.0,20436.0,20406.0,20425.75,6673.0
2025-03-25T10:15:00-04:00,20425.0,20442.0,20419.5,20425.25,5531.0
2025-03-25T10:20:00-04:00,20426.0,20437.25,20415.75,20431.5,3979.0
2025-03-25T10:25:00-04:00,20431.0,20454.75,20416.5,20453.25,6231.0
2025-03-25T10:30:00-04:00,20453.5,20455.75,20421.75,20433.75,5940.0
2025-03-25T10:35:00-04:00,20433.75,20465.0,20432.5,20462.5,5195.0
2025-03-25T10:40:00-04:00,20462.5,20481.0,20459.25,20480.25,5647.0
2025-03-25T10:45:00-04:00,20480.25,20488.5,20473.75,20474.5,5394.0
2025-03-25T10:50:00-04:00,20475.0,20491.0,20470.75,20479.0,5343.0
2025-03-25T10:55:00-04:00,20478.75,20488.0,20461.25,20476.75,5653.0
2025-03-25T11:00:00-04:00,20476.0,20494.25,20472.5,20477.0,4758.0
2025-03-25T11:05:00-04:00,20477.5,20495.25,20477.0,20489.0,3324.0
2025-03-25T11:10:00-04:00,20488.75,20491.25,20474.5,20480.0,3275.0
2025-03-25T11:15:00-04:00,20480.25,20485.0,20470.75,20479.0,3600.0
2025-03-25T11:20:00-04:00,20479.5,20483.5,20465.5,20479.25,3254.0
2025-03-25T11:25:00-04:00,20479.25,20486.25,20473.25,20475.25,2338.0
2025-03-25T11:30:00-04:00,20475.5,20478.25,20456.5,20466.25,4468.0
2025-03-25T11:35:00-04:00,20466.5,20468.25,20453.25,20460.25,3954.0
2025-03-25T11:40:00-04:00,20459.75,20465.25,20449.5,20464.5,3295.0
2025-03-25T11:45:00-04:00,20464.25,20466.75,20447.5,20457.0,3594.0
2025-03-25T11:50:00-04:00,20457.5,20464.25,20441.5,20442.0,3938.0
2025-03-25T11:55:00-04:00,20441.5,20449.5,20432.25,20442.5,4593.0
2025-03-25T12:00:00-04:00,20442.75,20454.75,20438.0,20444.0,4714.0
2025-03-25T12:05:00-04:00,20444.75,20451.5,20435.0,20449.5,3422.0
2025-03-25T12:10:00-04:00,20450.0,20459.25,20442.5,20451.5,3601.0
2025-03-25T12:15:00-04:00,20450.75,20450.75,20427.75,20434.5,3850.0
2025-03-25T12:20:00-04:00,20435.75,20451.0,20432.5,20447.75,3551.0
2025-03-25T12:25:00-04:00,20447.5,20449.0,20430.0,20431.75,3050.0
2025-03-25T12:30:00-04:00,20432.25,20438.0,20417.5,20424.25,5420.0
2025-03-25T12:35:00-04:00,20423.75,20435.0,20420.0,20430.25,3548.0
2025-03-25T12:40:00-04:00,20430.25,20445.5,20427.5,20441.25,3031.0
2025-03-25T12:45:00-04:00,20441.75,20448.25,20432.75,20440.75,2730.0
2025-03-25T12:50:00-04:00,20440.75,20461.25,20438.25,20458.25,3856.0
2025-03-25T12:55:00-04:00,20458.25,20461.0,20444.25,20450.0,3351.0
2025-03-25T13:00:00-04:00,20450.25,20470.75,20449.75,20468.25,3510.0
2025-03-25T13:05:00-04:00,20468.75,20480.0,20466.75,20477.25,2806.0
2025-03-25T13:10:00-04:00,20477.5,20478.0,20456.5,20458.25,3449.0
2025-03-25T13:15:00-04:00,20458.25,20460.0,20440.25,20441.5,3976.0
2025-03-25T13:20:00-04:00,20441.5,20447.5,20429.5,20433.0,3860.0
2025-03-25T13:25:00-04:00,20433.0,20433.0,20402.0,20409.25,5461.0
2025-03-25T13:30:00-04:00,20409.0,20422.25,20408.0,20420.0,4003.0
2025-03-25T13:35:00-04:00,20419.75,20428.0,20414.25,20416.5,3082.0
2025-03-25T13:40:00-04:00,20416.75,20428.5,20412.25,20425.0,2851.0
2025-03-25T13:45:00-04:00,20424.75,20428.25,20416.0,20419.25,2771.0
2025-03-25T13:50:00-04:00,20419.0,20422.25,20410.0,20420.75,2803.0
2025-03-25T13:55:00-04:00,20419.75,20427.75,20410.0,20414.25,2791.0
2025-03-25T14:00:00-04:00,20414.25,20418.0,20406.25,20415.75,3225.0
2025-03-25T14:05:00-04:00,20415.0,20427.25,20402.75,20425.0,4415.0
2025-03-25T14:10:00-04:00,20425.75,20441.25,20423.75,20440.0,3838.0
2025-03-25T14:15:00-04:00,20439.75,20449.0,20430.75,20445.75,4032.0
2025-03-25T14:20:00-04:00,20446.0,20457.25,20444.75,20446.25,3598.0
2025-03-25T14:25:00-04:00,20446.25,20447.5,20429.25,20433.75,3389.0
2025-03-25T14:30:00-04:00,20434.25,20441.0,20424.25,20434.5,4014.0
2025-03-25T14:35:00-04:00,20435.0,20439.75,20425.25,20428.0,2268.0
2025-03-25T14:40:00-04:00,20428.5,20431.75,20415.75,20425.5,3068.0
2025-03-25T14:45:00-04:00,20425.5,20433.5,20415.5,20416.5,2804.0
2025-03-25T14:50:00-04:00,20416.25,20431.5,20412.0,20427.75,3893.0
2025-03-25T14:55:00-04:00,20427.5,20435.25,20422.5,20427.75,2369.0
2025-03-25T15:00:00-04:00,20427.5,20446.0,20425.0,20441.25,3116.0
2025-03-25T15:05:00-04:00,20441.25,20449.5,20436.0,20445.75,2948.0
2025-03-25T15:10:00-04:00,20445.5,20453.5,20427.25,20433.5,4325.0
2025-03-25T15:15:00-04:00,20433.25,20443.0,20426.25,20441.5,2975.0
2025-03-25T15:20:00-04:00,20441.25,20452.0,20436.5,20450.75,2222.0
2025-03-25T15:25:00-04:00,20450.75,20452.25,20437.5,20437.75,2397.0
2025-03-25T15:30:00-04:00,20437.5,20456.75,20437.0,20455.25,3668.0
2025-03-25T15:35:00-04:00,20455.25,20467.5,20450.0,20458.5,5412.0
2025-03-25T15:40:00-04:00,20458.75,20469.25,20457.0,20465.0,3385.0
2025-03-25T15:45:00-04:00,20465.0,20487.0,20461.75,20482.75,5198.0
2025-03-25T15:50:00-04:00,20482.75,20492.75,20462.0,20482.0,8524.0
2025-03-25T15:55:00-04:00,20481.5,20492.75,20475.5,20487.75,12834.0
2025-03-25T16:00:00-04:00,20487.75,20503.5,20486.75,20501.0,6403.0
2025-03-25T16:05:00-04:00,20501.5,20510.0,20498.25,20505.0,1851.0
2025-03-25T16:10:00-04:00,20504.5,20507.25,20500.0,20502.75,1334.0
2025-03-25T16:15:00-04:00,20503.0,20512.5,20502.75,20510.25,872.0
2025-03-25T16:20:00-04:00,20510.5,20512.75,20506.75,20511.25,676.0
2025-03-25T16:25:00-04:00,20511.0,20520.25,20510.5,20518.25,1085.0
2025-03-25T16:30:00-04:00,20518.0,20519.25,20515.5,20518.5,492.0
2025-03-25T16:35:00-04:00,20518.25,20524.75,20517.5,20522.5,627.0
2025-03-25T16:40:00-04:00,20521.75,20522.0,20517.5,20519.0,511.0
2025-03-25T16:45:00-04:00,20518.75,20520.75,20515.5,20516.75,482.0
2025-03-25T16:50:00-04:00,20516.5,20517.25,20514.75,20514.75,346.0
2025-03-25T16:55:00-04:00,20514.5,20519.25,20512.0,20517.25,579.0
2025-03-25T18:00:00-04:00,20511.5,20518.5,20508.0,20513.75,593.0
2025-03-25T18:05:00-04:00,20514.75,20522.5,20511.75,20518.25,426.0
2025-03-25T18:10:00-04:00,20519.25,20531.5,20517.0,20517.0,611.0
2025-03-25T18:15:00-04:00,20517.25,20519.25,20513.5,20515.0,228.0
2025-03-25T18:20:00-04:00,20515.75,20516.0,20511.75,20513.25,253.0
2025-03-25T18:25:00-04:00,20513.5,20513.75,20510.0,20512.0,160.0
2025-03-25T18:30:00-04:00,20512.0,20513.25,20510.0,20510.5,124.0
2025-03-25T18:35:00-04:00,20510.25,20512.75,20507.5,20507.5,332.0
2025-03-25T18:40:00-04:00,20509.0,20509.5,20504.0,20509.0,278.0
2025-03-25T18:45:00-04:00,20508.75,20511.25,20506.5,20510.0,166.0
2025-03-25T18:50:00-04:00,20509.75,20513.75,20509.75,20511.0,200.0
2025-03-25T18:55:00-04:00,20511.25,20513.5,20508.0,20508.75,167.0
2025-03-25T19:00:00-04:00,20508.75,20516.75,20508.75,20513.0,315.0
2025-03-25T19:05:00-04:00,20513.5,20515.5,20512.0,20514.0,101.0
2025-03-25T19:10:00-04:00,20515.5,20516.75,20511.75,20515.0,129.0
2025-03-25T19:15:00-04:00,20515.0,20516.0,20512.75,20512.75,111.0
2025-03-25T19:20:00-04:00,20512.75,20515.25,20511.0,20514.5,109.0
2025-03-25T19:25:00-04:00,20514.5,20518.0,20514.0,20516.25,113.0
2025-03-25T19:30:00-04:00,20516.25,20518.25,20511.25,20516.0,176.0
2025-03-25T19:35:00-04:00,20516.75,20520.25,20515.0,20519.75,139.0
2025-03-25T19:40:00-04:00,20519.5,20523.5,20518.75,20522.5,153.0
2025-03-25T19:45:00-04:00,20522.0,20534.0,20520.75,20528.0,586.0
2025-03-25T19:50:00-04:00,20527.5,20529.75,20524.0,20526.0,204.0
2025-03-25T19:55:00-04:00,20525.75,20526.0,20521.5,20523.5,237.0
2025-03-25T20:00:00-04:00,20524.0,20524.75,20511.0,20513.0,517.0
2025-03-25T20:05:00-04:00,20513.25,20517.0,20512.25,20514.75,139.0
2025-03-25T20:10:00-04:00,20515.5,20521.0,20513.25,20521.0,234.0
2025-03-25T20:15:00-04:00,20520.25,20526.25,20518.0,20520.0,340.0
2025-03-25T20:20:00-04:00,20519.75,20524.75,20519.0,20522.0,179.0
2025-03-25T20:25:00-04:00,20521.75,20522.25,20518.0,20519.75,123.0
2025-03-25T20:30:00-04:00,20518.5,20531.25,20518.0,20530.75,414.0
2025-03-25T20:35:00-04:00,20531.0,20533.5,20528.5,20532.75,418.0
2025-03-25T20:40:00-04:00,20533.0,20536.75,20530.5,20533.25,354.0
2025-03-25T20:45:00-04:00,20532.75,20533.0,20528.0,20528.75,213.0
2025-03-25T20:50:00-04:00,20528.75,20530.0,20526.5,20529.25,151.0
2025-03-25T20:55:00-04:00,20529.75,20529.75,20525.5,20527.0,152.0
2025-03-25T21:00:00-04:00,20526.25,20526.5,20520.0,20520.75,267.0
2025-03-25T21:05:00-04:00,20520.5,20521.5,20513.0,20517.0,395.0
2025-03-25T21:10:00-04:00,20517.75,20522.0,20517.0,20519.5,198.0
2025-03-25T21:15:00-04:00,20519.5,20522.75,20517.0,20519.5,150.0
2025-03-25T21:20:00-04:00,20519.75,20520.75,20512.75,20515.25,351.0
2025-03-25T21:25:00-04:00,20516.75,20518.75,20510.5,20513.25,277.0
2025-03-25T21:30:00-04:00,20512.75,20514.0,20508.5,20510.5,303.0
2025-03-25T21:35:00-04:00,20510.5,20513.0,20509.0,20509.25,124.0
2025-03-25T21:40:00-04:00,20510.25,20511.25,20507.25,20509.75,282.0
2025-03-25T21:45:00-04:00,20510.75,20515.0,20508.25,20512.25,286.0
2025-03-25T21:50:00-04:00,20513.5,20514.25,20505.0,20512.5,503.0
2025-03-25T21:55:00-04:00,20513.0,20513.0,20508.75,20510.5,155.0
2025-03-25T22:00:00-04:00,20510.75,20513.0,20505.25,20506.25,255.0
2025-03-25T22:05:00-04:00,20506.0,20506.75,20499.25,20504.0,518.0
2025-03-25T22:10:00-04:00,20503.75,20505.0,20499.0,20500.0,303.0
2025-03-25T22:15:00-04:00,20501.0,20501.75,20495.5,20498.0,315.0
2025-03-25T22:20:00-04:00,20498.5,20500.5,20477.0,20479.25,808.0
2025-03-25T22:25:00-04:00,20479.0,20481.5,20471.75,20476.25,722.0
2025-03-25T22:30:00-04:00,20476.0,20479.5,20473.75,20478.5,363.0
2025-03-25T22:35:00-04:00,20478.75,20482.75,20476.5,20480.0,478.0
2025-03-25T22:40:00-04:00,20479.5,20484.5,20478.5,20483.25,333.0
2025-03-25T22:45:00-04:00,20483.75,20489.75,20482.0,20489.0,371.0
2025-03-25T22:50:00-04:00,20489.0,20493.25,20487.25,20491.5,329.0
2025-03-25T22:55:00-04:00,20491.75,20495.25,20489.0,20493.5,244.0
2025-03-25T23:00:00-04:00,20493.25,20494.0,20490.0,20492.5,152.0
2025-03-25T23:05:00-04:00,20492.25,20494.25,20491.0,20492.25,117.0
2025-03-25T23:10:00-04:00,20491.5,20492.5,20485.25,20486.25,303.0
2025-03-25T23:15:00-04:00,20486.5,20489.75,20484.0,20485.0,235.0
2025-03-25T23:20:00-04:00,20485.75,20488.0,20484.75,20485.5,135.0
2025-03-25T23:25:00-04:00,20485.25,20488.0,20483.75,20485.25,130.0
2025-03-25T23:30:00-04:00,20484.5,20485.0,20479.25,20481.5,220.0
2025-03-25T23:35:00-04:00,20481.0,20481.5,20471.25,20475.5,316.0
2025-03-25T23:40:00-04:00,20476.0,20478.25,20474.5,20475.5,148.0
2025-03-25T23:45:00-04:00,20476.5,20477.75,20469.25,20476.75,384.0
2025-03-25T23:50:00-04:00,20477.25,20480.0,20475.75,20475.75,235.0
2025-03-25T23:55:00-04:00,20476.0,20480.5,20476.0,20479.25,121.0
2025-03-26T00:00:00-04:00,20479.75,20480.5,20476.0,20477.25,156.0
2025-03-26T00:05:00-04:00,20476.5,20480.0,20475.0,20480.0,96.0
2025-03-26T00:10:00-04:00,20479.25,20480.25,20475.75,20476.5,170.0
2025-03-26T00:15:00-04:00,20476.75,20478.0,20474.25,20476.5,138.0
2025-03-26T00:20:00-04:00,20476.5,20476.75,20473.25,20473.5,76.0
2025-03-26T00:25:00-04:00,20473.5,20476.0,20473.0,20473.75,71.0
2025-03-26T00:30:00-04:00,20473.25,20477.75,20472.75,20477.5,113.0
2025-03-26T00:35:00-04:00,20476.5,20481.75,20476.5,20479.75,98.0
2025-03-26T00:40:00-04:00,20481.25,20483.0,20477.5,20480.25,140.0
2025-03-26T00:45:00-04:00,20480.75,20481.25,20476.25,20477.25,114.0
2025-03-26T00:50:00-04:00,20478.25,20482.75,20477.25,20482.75,79.0
2025-03-26T00:55:00-04:00,20482.25,20484.25,20481.0,20483.75,91.0
2025-03-26T01:00:00-04:00,20483.25,20487.75,20482.0,20487.0,143.0
2025-03-26T01:05:00-04:00,20487.5,20490.0,20486.5,20488.0,96.0
2025-03-26T01:10:00-04:00,20487.5,20490.0,20486.5,20488.5,127.0
2025-03-26T01:15:00-04:00,20488.75,20491.5,20488.5,20490.25,113.0
2025-03-26T01:20:00-04:00,20490.75,20494.75,20488.25,20489.0,197.0
2025-03-26T01:25:00-04:00,20488.25,20488.75,20481.5,20483.0,170.0
2025-03-26T01:30:00-04:00,20482.75,20482.75,20479.5,20479.5,126.0
2025-03-26T01:35:00-04:00,20479.25,20480.5,20476.0,20477.0,88.0
2025-03-26T01:40:00-04:00,20477.0,20478.25,20469.75,20473.5,265.0
2025-03-26T01:45:00-04:00,20473.5,20474.5,20462.75,20464.75,319.0
2025-03-26T01:50:00-04:00,20465.25,20467.0,20461.0,20466.0,298.0
2025-03-26T01:55:00-04:00,20466.0,20466.0,20458.5,20459.5,271.0
2025-03-26T02:00:00-04:00,20460.0,20462.0,20456.0,20458.0,322.0
2025-03-26T02:05:00-04:00,20459.0,20463.25,20458.25,20460.0,165.0
2025-03-26T02:10:00-04:00,20459.0,20460.75,20457.0,20458.0,136.0
2025-03-26T02:15:00-04:00,20458.5,20460.0,20457.0,20459.25,150.0
2025-03-26T02:20:00-04:00,20458.75,20464.25,20457.25,20461.75,190.0
2025-03-26T02:25:00-04:00,20461.75,20465.25,20453.5,20454.5,273.0
2025-03-26T02:30:00-04:00,20454.25,20460.0,20453.25,20453.75,197.0
2025-03-26T02:35:00-04:00,20453.75,20461.5,20453.25,20459.75,123.0
2025-03-26T02:40:00-04:00,20459.75,20466.75,20459.75,20464.5,309.0
2025-03-26T02:45:00-04:00,20464.25,20467.5,20463.75,20465.75,113.0
2025-03-26T02:50:00-04:00,20465.75,20472.5,20464.75,20471.75,208.0
2025-03-26T02:55:00-04:00,20470.75,20474.5,20470.0,20473.75,193.0
2025-03-26T03:00:00-04:00,20473.25,20480.5,20469.5,20477.5,501.0
2025-03-26T03:05:00-04:00,20478.0,20483.75,20475.5,20476.25,329.0
2025-03-26T03:10:00-04:00,20476.25,20477.25,20471.0,20471.75,195.0
2025-03-26T03:15:00-04:00,20472.0,20486.0,20471.5,20484.5,302.0
2025-03-26T03:20:00-04:00,20485.5,20488.75,20483.25,20488.25,344.0
2025-03-26T03:25:00-04:00,20487.75,20491.5,20486.25,20490.5,197.0
2025-03-26T03:30:00-04:00,20490.0,20492.25,20487.75,20491.0,178.0
2025-03-26T03:35:00-04:00,20490.75,20498.25,20488.75,20497.5,410.0
2025-03-26T03:40:00-04:00,20497.5,20498.0,20491.5,20493.25,183.0
2025-03-26T03:45:00-04:00,20493.25,20495.25,20486.0,20490.0,276.0
2025-03-26T03:50:00-04:00,20489.75,20491.5,20485.5,20490.25,245.0
2025-03-26T03:55:00-04:00,20491.0,20492.0,20477.0,20478.5,398.0
2025-03-26T04:00:00-04:00,20478.75,20484.0,20468.25,20471.75,1002.0
2025-03-26T04:05:00-04:00,20472.75,20474.0,20458.0,20462.75,940.0
2025-03-26T04:10:00-04:00,20464.5,20469.75,20440.75,20458.5,1326.0
2025-03-26T04:15:00-04:00,20459.25,20465.0,20442.25,20447.0,785.0
2025-03-26T04:20:00-04:00,20446.25,20456.25,20445.0,20454.25,670.0
2025-03-26T04:25:00-04:00,20454.75,20464.5,20454.75,20462.25,493.0
2025-03-26T04:30:00-04:00,20463.0,20473.25,20460.75,20472.0,486.0
2025-03-26T04:35:00-04:00,20471.0,20471.0,20463.5,20463.5,305.0
2025-03-26T04:40:00-04:00,20462.5,20472.75,20460.5,20467.75,506.0
2025-03-26T04:45:00-04:00,20467.5,20468.25,20450.75,20453.75,552.0
2025-03-26T04:50:00-04:00,20453.25,20460.0,20450.75,20451.0,462.0
2025-03-26T04:55:00-04:00,20452.25,20458.25,20451.0,20452.5,293.0
2025-03-26T05:00:00-04:00,20453.5,20462.25,20450.0,20451.5,453.0
2025-03-26T05:05:00-04:00,20451.0,20465.0,20445.25,20459.75,655.0
2025-03-26T05:10:00-04:00,20462.0,20468.0,20459.75,20462.0,248.0
2025-03-26T05:15:00-04:00,20462.5,20465.0,20450.75,20451.0,382.0
2025-03-26T05:20:00-04:00,20450.75,20453.25,20445.75,20449.25,558.0
2025-03-26T05:25:00-04:00,20449.0,20457.5,20446.75,20453.0,480.0
2025-03-26T05:30:00-04:00,20452.75,20463.25,20452.75,20461.75,343.0
2025-03-26T05:35:00-04:00,20460.75,20463.0,20457.5,20460.0,311.0
2025-03-26T05:40:00-04:00,20460.5,20462.25,20450.5,20454.0,469.0
2025-03-26T05:45:00-04:00,20454.5,20454.75,20445.0,20452.25,492.0
2025-03-26T05:50:00-04:00,20452.5,20460.5,20434.0,20437.25,1110.0
2025-03-26T05:55:00-04:00,20437.75,20441.0,20432.75,20432.75,667.0
2025-03-26T06:00:00-04:00,20432.75,20440.25,20429.5,20438.75,998.0
2025-03-26T06:05:00-04:00,20439.5,20447.0,20435.25,20441.0,690.0
2025-03-26T06:10:00-04:00,20441.25,20448.25,20439.25,20444.25,557.0
2025-03-26T06:15:00-04:00,20445.75,20456.0,20444.25,20453.75,498.0
2025-03-26T06:20:00-04:00,20453.25,20455.0,20449.5,20452.0,346.0
2025-03-26T06:25:00-04:00,20452.0,20453.25,20442.25,20447.5,468.0
2025-03-26T06:30:00-04:00,20446.75,20457.5,20445.5,20455.5,405.0
2025-03-26T06:35:00-04:00,20454.75,20467.0,20450.0,20464.75,790.0
2025-03-26T06:40:00-04:00,20465.0,20465.0,20456.0,20456.25,657.0
2025-03-26T06:45:00-04:00,20455.75,20465.25,20455.75,20460.75,239.0
2025-03-26T06:50:00-04:00,20460.5,20462.25,20457.0,20461.75,755.0
2025-03-26T06:55:00-04:00,20461.25,20473.75,20461.0,20473.5,673.0
2025-03-26T07:00:00-04:00,20473.5,20479.0,20465.75,20466.0,735.0
2025-03-26T07:05:00-04:00,20467.0,20469.5,20458.5,20462.25,568.0
2025-03-26T07:10:00-04:00,20462.0,20469.25,20459.0,20468.75,336.0
2025-03-26T07:15:00-04:00,20468.25,20471.25,20461.75,20463.5,359.0
2025-03-26T07:20:00-04:00,20463.75,20474.25,20461.0,20471.5,296.0
2025-03-26T07:25:00-04:00,20472.0,20479.25,20470.75,20473.75,433.0
2025-03-26T07:30:00-04:00,20474.0,20478.75,20470.25,20478.75,439.0
2025-03-26T07:35:00-04:00,20479.25,20489.75,20477.0,20486.0,819.0
2025-03-26T07:40:00-04:00,20486.25,20491.25,20481.5,20485.5,428.0
2025-03-26T07:45:00-04:00,20485.25,20491.25,20484.75,20489.25,349.0
2025-03-26T07:50:00-04:00,20488.75,20493.0,20484.25,20486.75,411.0
2025-03-26T07:55:00-04:00,20486.75,20487.25,20481.75,20482.5,358.0
2025-03-26T08:00:00-04:00,20482.25,20484.25,20472.5,20473.0,872.0
2025-03-26T08:05:00-04:00,20472.0,20477.5,20471.0,20477.25,412.0
2025-03-26T08:10:00-04:00,20477.25,20482.25,20472.25,20476.0,504.0
2025-03-26T08:15:00-04:00,20475.5,20476.5,20465.75,20468.25,707.0
2025-03-26T08:20:00-04:00,20469.0,20469.25,20460.0,20461.5,805.0
2025-03-26T08:25:00-04:00,20461.5,20466.25,20458.0,20461.25,857.0
2025-03-26T08:30:00-04:00,20462.75,20474.0,20451.0,20459.25,2341.0
2025-03-26T08:35:00-04:00,20459.5,20462.25,20450.25,20457.0,1153.0
2025-03-26T08:40:00-04:00,20456.75,20466.75,20450.0,20466.0,1717.0
2025-03-26T08:45:00-04:00,20465.75,20482.25,20465.0,20479.5,1301.0
2025-03-26T08:50:00-04:00,20479.5,20485.5,20471.75,20478.5,1282.0
2025-03-26T08:55:00-04:00,20477.75,20480.5,20474.25,20480.5,598.0
2025-03-26T09:00:00-04:00,20480.0,20483.25,20470.75,20476.25,919.0
2025-03-26T09:05:00-04:00,20477.25,20486.5,20468.0,20479.5,1174.0
2025-03-26T09:10:00-04:00,20479.75,20480.5,20469.75,20473.25,718.0
2025-03-26T09:15:00-04:00,20472.75,20474.25,20456.25,20456.75,1507.0
2025-03-26T09:20:00-04:00,20457.5,20460.75,20447.0,20448.75,1640.0
2025-03-26T09:25:00-04:00,20449.25,20457.0,20437.0,20439.5,3200.0
2025-03-26T09:30:00-04:00,20439.0,20460.5,20413.0,20428.5,13264.0
2025-03-26T09:35:00-04:00,20428.75,20475.0,20428.25,20458.5,12518.0
2025-03-26T09:40:00-04:00,20458.0,20474.0,20425.25,20445.5,9018.0
2025-03-26T09:45:00-04:00,20445.5,20454.5,20390.0,20399.75,10682.0
2025-03-26T09:50:00-04:00,20399.5,20407.25,20358.75,20374.25,12105.0
2025-03-26T09:55:00-04:00,20374.25,20376.25,20306.0,20316.5,13681.0
2025-03-26T10:00:00-04:00,20316.5,20356.25,20308.75,20327.75,12576.0
2025-03-26T10:05:00-04:00,20327.25,20340.75,20299.25,20312.25,8737.0
2025-03-26T10:10:00-04:00,20312.25,20327.0,20294.0,20318.0,8635.0
2025-03-26T10:15:00-04:00,20318.75,20325.75,20277.25,20279.0,9637.0
2025-03-26T10:20:00-04:00,20277.5,20281.75,20227.0,20254.5,15256.0
2025-03-26T10:25:00-04:00,20254.0,20286.5,20250.0,20285.0,8595.0
2025-03-26T10:30:00-04:00,20284.5,20293.0,20270.25,20286.0,7137.0
2025-03-26T10:35:00-04:00,20286.0,20296.25,20277.5,20281.5,5946.0
2025-03-26T10:40:00-04:00,20281.5,20293.25,20274.25,20279.75,4391.0
2025-03-26T10:45:00-04:00,20279.0,20283.5,20257.75,20260.0,5799.0
2025-03-26T10:50:00-04:00,20260.0,20312.25,20259.0,20304.0,8946.0
2025-03-26T10:55:00-04:00,20304.25,20308.0,20283.25,20295.5,5769.0
2025-03-26T11:00:00-04:00,20295.75,20312.0,20284.75,20300.25,5208.0
2025-03-26T11:05:00-04:00,20300.5,20313.5,20298.25,20308.0,3603.0
2025-03-26T11:10:00-04:00,20307.75,20317.5,20300.25,20310.75,4968.0
2025-03-26T11:15:00-04:00,20310.0,20317.5,20301.25,20315.5,3325.0
2025-03-26T11:20:00-04:00,20315.5,20320.5,20287.0,20288.5,5672.0
2025-03-26T11:25:00-04:00,20288.25,20290.0,20254.25,20272.5,7681.0
2025-03-26T11:30:00-04:00,20273.0,20296.75,20271.75,20280.25,4913.0
2025-03-26T11:35:00-04:00,20280.75,20286.75,20268.75,20277.0,3499.0
2025-03-26T11:40:00-04:00,20276.5,20283.75,20246.75,20251.25,5740.0
2025-03-26T11:45:00-04:00,20251.75,20261.75,20237.75,20242.5,5670.0
2025-03-26T11:50:00-04:00,20242.5,20246.75,20193.0,20207.75,10017.0
2025-03-26T11:55:00-04:00,20206.75,20209.0,20170.0,20192.5,10426.0
2025-03-26T12:00:00-04:00,20193.0,20194.5,20165.5,20177.0,8284.0
2025-03-26T12:05:00-04:00,20176.25,20204.75,20175.25,20187.5,5392.0
2025-03-26T12:10:00-04:00,20187.0,20201.0,20173.75,20186.75,4626.0
2025-03-26T12:15:00-04:00,20186.0,20188.0,20169.25,20170.25,4353.0
2025-03-26T12:20:00-04:00,20169.75,20192.5,20166.25,20178.25,4791.0
2025-03-26T12:25:00-04:00,20177.75,20208.0,20177.5,20205.25,4533.0
2025-03-26T12:30:00-04:00,20205.0,20218.0,20184.5,20189.75,5929.0
2025-03-26T12:35:00-04:00,20190.75,20210.25,20182.5,20185.25,3389.0
2025-03-26T12:40:00-04:00,20185.25,20198.0,20172.75,20176.0,3616.0
2025-03-26T12:45:00-04:00,20175.75,20196.5,20170.25,20192.75,4298.0
2025-03-26T12:50:00-04:00,20192.5,20198.0,20151.75,20154.0,5833.0
2025-03-26T12:55:00-04:00,20153.75,20154.75,20124.75,20132.25,9052.0
2025-03-26T13:00:00-04:00,20132.5,20153.5,20129.25,20136.25,5676.0
2025-03-26T13:05:00-04:00,20136.25,20148.25,20131.5,20140.25,3607.0
2025-03-26T13:10:00-04:00,20139.75,20157.75,20134.75,20143.5,4658.0
2025-03-26T13:15:00-04:00,20143.25,20147.0,20116.0,20120.75,7856.0
2025-03-26T13:20:00-04:00,20120.5,20135.0,20114.0,20130.5,4663.0
2025-03-26T13:25:00-04:00,20130.25,20135.25,20112.75,20121.5,4634.0
2025-03-26T13:30:00-04:00,20121.75,20124.0,20091.5,20094.75,7683.0
2025-03-26T13:35:00-04:00,20095.25,20101.0,20076.5,20095.5,6478.0
2025-03-26T13:40:00-04:00,20095.25,20129.25,20094.25,20101.25,9238.0
2025-03-26T13:45:00-04:00,20101.75,20121.0,20087.75,20095.5,4572.0
2025-03-26T13:50:00-04:00,20095.25,20106.75,20090.5,20097.25,3503.0
2025-03-26T13:55:00-04:00,20096.0,20101.75,20081.0,20083.75,3412.0
2025-03-26T14:00:00-04:00,20083.25,20102.25,20074.75,20090.0,5038.0
2025-03-26T14:05:00-04:00,20089.25,20102.25,20076.0,20100.25,3582.0
2025-03-26T14:10:00-04:00,20100.0,20133.0,20097.5,20121.5,6432.0
2025-03-26T14:15:00-04:00,20121.5,20135.0,20114.25,20122.5,4907.0
2025-03-26T14:20:00-04:00,20122.0,20137.5,20119.0,20131.5,3617.0
2025-03-26T14:25:00-04:00,20131.5,20144.25,20123.25,20135.25,4856.0
2025-03-26T14:30:00-04:00,20135.5,20146.5,20113.75,20114.5,4374.0
2025-03-26T14:35:00-04:00,20114.5,20120.75,20104.5,20105.25,3597.0
2025-03-26T14:40:00-04:00,20105.75,20113.25,20076.0,20084.0,4902.0
2025-03-26T14:45:00-04:00,20083.75,20091.0,20050.25,20063.5,8535.0
2025-03-26T14:50:00-04:00,20063.5,20070.25,20055.25,20062.75,4599.0
2025-03-26T14:55:00-04:00,20062.5,20065.5,20050.0,20057.25,3583.0
2025-03-26T15:00:00-04:00,20056.25,20083.25,20055.75,20068.75,5558.0
2025-03-26T15:05:00-04:00,20069.25,20070.0,20045.0,20057.5,5058.0
2025-03-26T15:10:00-04:00,20057.0,20063.75,20047.5,20061.5,3263.0
2025-03-26T15:15:00-04:00,20061.25,20092.25,20056.75,20089.0,5409.0
2025-03-26T15:20:00-04:00,20088.75,20103.25,20076.5,20077.0,5866.0
2025-03-26T15:25:00-04:00,20077.5,20090.0,20061.75,20065.0,5010.0
2025-03-26T15:30:00-04:00,20065.0,20083.5,20062.0,20079.75,4809.0
2025-03-26T15:35:00-04:00,20080.75,20084.25,20068.0,20077.75,4042.0
2025-03-26T15:40:00-04:00,20077.75,20104.75,20076.0,20093.5,6878.0
2025-03-26T15:45:00-04:00,20094.0,20114.75,20084.25,20112.5,6388.0
2025-03-26T15:50:00-04:00,20113.25,20135.0,20104.75,20124.5,12284.0
2025-03-26T15:55:00-04:00,20125.0,20132.0,20108.0,20112.5,19791.0
2025-03-26T16:00:00-04:00,20112.5,20120.75,20097.75,20105.75,7714.0
2025-03-26T16:05:00-04:00,20106.0,20111.5,20102.0,20108.0,1900.0
2025-03-26T16:10:00-04:00,20107.75,20117.75,20106.0,20111.5,1490.0
2025-03-26T16:15:00-04:00,20112.0,20113.0,20103.5,20109.25,942.0
2025-03-26T16:20:00-04:00,20109.5,20111.25,20097.0,20100.5,874.0
2025-03-26T16:25:00-04:00,20100.5,20100.5,20093.5,20095.75,696.0
2025-03-26T16:30:00-04:00,20095.5,20097.25,20091.5,20094.5,487.0
2025-03-26T16:35:00-04:00,20094.75,20096.5,20083.75,20094.25,626.0
2025-03-26T16:40:00-04:00,20094.5,20097.25,20092.0,20092.5,349.0
2025-03-26T16:45:00-04:00,20092.75,20101.25,20090.25,20099.75,698.0
2025-03-26T16:50:00-04:00,20099.25,20100.25,20084.25,20085.25,641.0
2025-03-26T16:55:00-04:00,20085.5,20091.25,20081.5,20090.5,765.0
2025-03-26T18:00:00-04:00,20046.0,20075.25,20010.0,20070.25,2801.0
2025-03-26T18:05:00-04:00,20070.5,20098.0,20066.75,20072.5,1572.0
2025-03-26T18:10:00-04:00,20073.5,20074.0,20042.25,20044.5,1051.0
2025-03-26T18:15:00-04:00,20043.75,20048.25,20011.0,20011.0,1421.0
2025-03-26T18:20:00-04:00,20012.0,20036.75,20005.25,20028.25,1235.0
2025-03-26T18:25:00-04:00,20029.0,20029.0,20003.25,20018.0,1161.0
2025-03-26T18:30:00-04:00,20018.0,20039.75,20018.0,20038.25,1032.0
2025-03-26T18:35:00-04:00,20038.5,20042.75,20025.0,20041.0,612.0
2025-03-26T18:40:00-04:00,20041.5,20043.5,20020.75,20033.25,1083.0
2025-03-26T18:45:00-04:00,20033.25,20039.75,20026.25,20031.0,496.0
2025-03-26T18:50:00-04:00,20030.5,20037.0,20024.25,20034.0,327.0
2025-03-26T18:55:00-04:00,20034.0,20034.0,20015.25,20019.0,481.0
2025-03-26T19:00:00-04:00,20019.75,20033.5,20015.0,20027.25,754.0
2025-03-26T19:05:00-04:00,20026.75,20027.5,20012.5,20024.5,534.0
2025-03-26T19:10:00-04:00,20024.0,20027.0,20021.0,20022.0,262.0
2025-03-26T19:15:00-04:00,20022.0,20025.75,20019.5,20023.0,388.0
2025-03-26T19:20:00-04:00,20023.5,20032.5,20022.5,20029.5,525.0
2025-03-26T19:25:00-04:00,20029.0,20033.5,20028.25,20032.5,277.0
2025-03-26T19:30:00-04:00,20032.75,20045.0,20032.75,20042.5,491.0
2025-03-26T19:35:00-04:00,20042.5,20044.0,20039.25,20042.5,207.0
2025-03-26T19:40:00-04:00,20043.0,20049.5,20038.0,20049.5,413.0
2025-03-26T19:45:00-04:00,20049.5,20062.0,20048.0,20059.0,759.0
2025-03-26T19:50:00-04:00,20059.25,20070.75,20055.0,20066.25,524.0
2025-03-26T19:55:00-04:00,20067.0,20067.25,20053.5,20059.75,617.0
2025-03-26T20:00:00-04:00,20059.5,20062.0,20050.0,20057.25,559.0
2025-03-26T20:05:00-04:00,20055.5,20069.75,20049.5,20068.5,542.0
2025-03-26T20:10:00-04:00,20067.5,20078.25,20058.25,20061.75,1138.0
2025-03-26T20:15:00-04:00,20061.25,20064.75,20049.75,20054.5,627.0
2025-03-26T20:20:00-04:00,20054.75,20062.75,20051.5,20060.75,376.0
2025-03-26T20:25:00-04:00,20061.0,20087.75,20061.0,20073.75,926.0
2025-03-26T20:30:00-04:00,20074.0,20077.25,20068.25,20073.75,327.0
2025-03-26T20:35:00-04:00,20073.25,20091.5,20072.0,20081.75,666.0
2025-03-26T20:40:00-04:00,20082.75,20088.25,20077.5,20087.25,380.0
2025-03-26T20:45:00-04:00,20087.5,20092.5,20080.25,20080.25,621.0
2025-03-26T20:50:00-04:00,20080.5,20081.75,20070.25,20074.0,722.0
2025-03-26T20:55:00-04:00,20074.0,20077.5,20070.0,20072.0,565.0
2025-03-26T21:00:00-04:00,20073.25,20081.25,20070.5,20074.75,563.0
2025-03-26T21:05:00-04:00,20075.5,20082.5,20072.75,20075.75,338.0
2025-03-26T21:10:00-04:00,20075.25,20090.75,20075.25,20081.0,598.0
2025-03-26T21:15:00-04:00,20081.25,20085.75,20076.0,20083.25,558.0
2025-03-26T21:20:00-04:00,20083.25,20085.75,20073.25,20077.25,336.0
2025-03-26T21:25:00-04:00,20078.0,20084.75,20075.0,20081.75,333.0
2025-03-26T21:30:00-04:00,20082.0,20083.0,20071.75,20073.75,509.0
2025-03-26T21:35:00-04:00,20073.75,20078.5,20071.5,20073.5,459.0
2025-03-26T21:40:00-04:00,20074.75,20086.25,20074.75,20084.5,456.0
2025-03-26T21:45:00-04:00,20084.0,20092.75,20083.0,20092.0,309.0
2025-03-26T21:50:00-04:00,20092.0,20101.25,20090.0,20093.5,493.0
2025-03-26T21:55:00-04:00,20092.75,20094.75,20086.25,20088.75,267.0
2025-03-26T22:00:00-04:00,20088.25,20108.75,20088.0,20106.5,624.0
2025-03-26T22:05:00-04:00,20106.25,20110.25,20105.75,20108.75,287.0
2025-03-26T22:10:00-04:00,20109.0,20112.75,20107.25,20108.75,314.0
2025-03-26T22:15:00-04:00,20109.25,20116.5,20107.75,20113.75,403.0
2025-03-26T22:20:00-04:00,20114.0,20115.75,20108.75,20114.5,324.0
2025-03-26T22:25:00-04:00,20115.0,20119.5,20113.0,20113.75,392.0
2025-03-26T22:30:00-04:00,20112.75,20121.0,20108.25,20119.75,341.0
2025-03-26T22:35:00-04:00,20120.5,20123.5,20115.25,20117.0,363.0
2025-03-26T22:40:00-04:00,20117.25,20123.5,20116.5,20120.5,330.0
2025-03-26T22:45:00-04:00,20122.0,20122.0,20114.5,20116.25,322.0
2025-03-26T22:50:00-04:00,20116.0,20120.0,20114.0,20114.75,361.0
2025-03-26T22:55:00-04:00,20115.0,20120.0,20113.25,20118.25,290.0
2025-03-26T23:00:00-04:00,20118.75,20128.0,20116.5,20117.75,706.0
2025-03-26T23:05:00-04:00,20117.5,20120.75,20115.0,20117.0,320.0
2025-03-26T23:10:00-04:00,20118.25,20119.5,20116.0,20119.0,149.0
2025-03-26T23:15:00-04:00,20119.25,20124.0,20115.25,20123.5,253.0
2025-03-26T23:20:00-04:00,20122.75,20124.75,20117.75,20118.75,215.0
2025-03-26T23:25:00-04:00,20119.0,20120.5,20117.5,20119.25,124.0
2025-03-26T23:30:00-04:00,20119.5,20130.0,20119.0,20125.75,292.0
2025-03-26T23:35:00-04:00,20125.25,20147.75,20124.75,20140.0,1046.0
2025-03-26T23:40:00-04:00,20140.0,20142.25,20136.75,20138.75,360.0
2025-03-26T23:45:00-04:00,20138.75,20141.25,20137.0,20138.0,161.0
2025-03-26T23:50:00-04:00,20137.5,20137.5,20131.5,20135.25,417.0
2025-03-26T23:55:00-04:00,20135.25,20136.75,20133.5,20133.5,137.0
2025-03-27T00:00:00-04:00,20134.5,20139.5,20133.0,20139.0,150.0
2025-03-27T00:05:00-04:00,20139.0,20146.5,20138.0,20144.25,366.0
2025-03-27T00:10:00-04:00,20144.0,20147.5,20128.0,20128.5,485.0
2025-03-27T00:15:00-04:00,20129.25,20131.5,20127.75,20128.25,136.0
2025-03-27T00:20:00-04:00,20129.25,20131.5,20125.5,20130.5,225.0
2025-03-27T00:25:00-04:00,20130.75,20135.5,20130.0,20133.0,134.0
2025-03-27T00:30:00-04:00,20132.5,20132.75,20127.5,20130.75,199.0
2025-03-27T00:35:00-04:00,20132.0,20138.25,20128.75,20129.5,269.0
2025-03-27T00:40:00-04:00,20129.25,20135.25,20129.0,20133.0,142.0
2025-03-27T00:45:00-04:00,20132.5,20134.5,20130.0,20134.25,103.0
2025-03-27T00:50:00-04:00,20134.5,20136.0,20130.0,20132.0,135.0
2025-03-27T00:55:00-04:00,20133.0,20136.5,20131.25,20134.25,178.0
2025-03-27T01:00:00-04:00,20134.0,20134.25,20131.0,20131.25,111.0
2025-03-27T01:05:00-04:00,20131.25,20134.75,20119.0,20123.0,410.0
2025-03-27T01:10:00-04:00,20123.5,20129.75,20122.5,20122.75,236.0
2025-03-27T01:15:00-04:00,20122.75,20126.0,20121.25,20124.5,141.0
2025-03-27T01:20:00-04:00,20125.0,20132.0,20123.5,20128.5,243.0
2025-03-27T01:25:00-04:00,20128.5,20130.25,20127.5,20129.0,74.0
2025-03-27T01:30:00-04:00,20128.25,20135.0,20125.75,20132.0,282.0
2025-03-27T01:35:00-04:00,20132.5,20143.5,20130.25,20140.5,309.0
2025-03-27T01:40:00-04:00,20141.0,20144.0,20138.25,20140.75,175.0
2025-03-27T01:45:00-04:00,20141.0,20141.75,20127.5,20129.0,353.0
2025-03-27T01:50:00-04:00,20128.25,20128.25,20119.0,20121.75,478.0
2025-03-27T01:55:00-04:00,20121.5,20121.75,20112.25,20114.5,516.0
2025-03-27T02:00:00-04:00,20114.5,20116.75,20107.0,20108.25,655.0
2025-03-27T02:05:00-04:00,20108.75,20122.5,20107.5,20119.5,664.0
2025-03-27T02:10:00-04:00,20120.75,20128.25,20118.25,20127.75,389.0
2025-03-27T02:15:00-04:00,20128.25,20133.5,20127.5,20131.75,535.0
2025-03-27T02:20:00-04:00,20132.25,20139.0,20119.75,20135.25,837.0
2025-03-27T02:25:00-04:00,20135.75,20138.0,20127.0,20135.25,460.0
2025-03-27T02:30:00-04:00,20135.75,20140.0,20125.0,20125.5,348.0
2025-03-27T02:35:00-04:00,20125.75,20135.0,20125.25,20135.0,164.0
2025-03-27T02:40:00-04:00,20134.75,20135.25,20126.75,20126.75,226.0
2025-03-27T02:45:00-04:00,20127.25,20128.75,20112.5,20114.25,339.0
2025-03-27T02:50:00-04:00,20114.0,20118.25,20103.0,20111.25,503.0
2025-03-27T02:55:00-04:00,20111.5,20115.0,20103.5,20112.0,377.0
2025-03-27T03:00:00-04:00,20111.25,20119.25,20095.25,20098.5,1015.0
2025-03-27T03:05:00-04:00,20098.0,20112.0,20083.5,20111.25,1096.0
2025-03-27T03:10:00-04:00,20112.0,20120.25,20110.5,20114.75,435.0
2025-03-27T03:15:00-04:00,20115.25,20119.75,20100.25,20102.5,570.0
2025-03-27T03:20:00-04:00,20102.25,20109.5,20100.75,20105.0,397.0
2025-03-27T03:25:00-04:00,20105.5,20111.0,20098.25,20104.0,362.0
2025-03-27T03:30:00-04:00,20104.0,20109.0,20093.75,20094.5,710.0
2025-03-27T03:35:00-04:00,20095.0,20098.5,20082.0,20089.5,671.0
2025-03-27T03:40:00-04:00,20089.25,20109.0,20081.25,20084.25,1046.0
2025-03-27T03:45:00-04:00,20083.5,20095.25,20081.25,20087.75,628.0
2025-03-27T03:50:00-04:00,20087.25,20087.5,20071.75,20076.25,863.0
2025-03-27T03:55:00-04:00,20076.25,20079.25,20068.25,20073.25,776.0
2025-03-27T04:00:00-04:00,20075.0,20092.0,20057.0,20061.25,1608.0
2025-03-27T04:05:00-04:00,20059.5,20062.5,20026.0,20029.0,2050.0
2025-03-27T04:10:00-04:00,20028.75,20039.75,20020.0,20037.75,2057.0
2025-03-27T04:15:00-04:00,20038.5,20063.0,20036.25,20062.75,1317.0
2025-03-27T04:20:00-04:00,20063.25,20074.25,20058.75,20070.75,864.0
2025-03-27T04:25:00-04:00,20068.75,20074.5,20053.5,20069.75,1017.0
2025-03-27T04:30:00-04:00,20070.75,20082.5,20069.75,20077.25,772.0
2025-03-27T04:35:00-04:00,20077.5,20094.0,20074.25,20087.75,706.0
2025-03-27T04:40:00-04:00,20087.75,20091.75,20083.25,20085.5,478.0
2025-03-27T04:45:00-04:00,20085.75,20086.0,20072.75,20084.0,775.0
2025-03-27T04:50:00-04:00,20084.5,20085.5,20066.25,20080.5,592.0
2025-03-27T04:55:00-04:00,20081.0,20115.0,20081.0,20112.0,1555.0
2025-03-27T05:00:00-04:00,20112.25,20117.0,20098.0,20113.25,807.0
2025-03-27T05:05:00-04:00,20113.5,20113.5,20095.0,20099.5,567.0
2025-03-27T05:10:00-04:00,20100.0,20111.0,20098.5,20109.5,443.0
2025-03-27T05:15:00-04:00,20110.5,20115.0,20108.25,20113.0,565.0
2025-03-27T05:20:00-04:00,20113.0,20114.5,20094.0,20104.75,522.0
2025-03-27T05:25:00-04:00,20105.25,20123.25,20102.0,20120.0,753.0
2025-03-27T05:30:00-04:00,20120.5,20123.25,20111.0,20113.0,462.0
2025-03-27T05:35:00-04:00,20113.5,20115.5,20099.25,20104.0,421.0
2025-03-27T05:40:00-04:00,20103.0,20108.25,20096.25,20106.0,434.0
2025-03-27T05:45:00-04:00,20106.5,20122.5,20106.5,20119.75,533.0
2025-03-27T05:50:00-04:00,20119.25,20129.25,20113.75,20114.5,658.0
2025-03-27T05:55:00-04:00,20115.25,20119.25,20112.25,20116.25,316.0
2025-03-27T06:00:00-04:00,20117.25,20136.5,20110.5,20135.75,749.0
2025-03-27T06:05:00-04:00,20135.5,20138.5,20126.75,20128.75,550.0
2025-03-27T06:10:00-04:00,20128.75,20134.25,20122.0,20125.75,381.0
2025-03-27T06:15:00-04:00,20126.25,20128.25,20114.5,20116.5,575.0
2025-03-27T06:20:00-04:00,20115.75,20122.0,20104.5,20115.5,586.0
2025-03-27T06:25:00-04:00,20115.75,20118.75,20108.75,20113.25,300.0
2025-03-27T06:30:00-04:00,20113.25,20119.0,20108.5,20118.75,481.0
2025-03-27T06:35:00-04:00,20118.5,20120.25,20105.25,20105.75,381.0
2025-03-27T06:40:00-04:00,20105.75,20109.5,20100.5,20105.0,347.0
2025-03-27T06:45:00-04:00,20105.25,20109.75,20092.5,20096.75,610.0
2025-03-27T06:50:00-04:00,20097.0,20100.25,20085.5,20086.75,735.0
2025-03-27T06:55:00-04:00,20086.5,20087.5,20073.0,20075.5,1370.0
2025-03-27T07:00:00-04:00,20074.75,20088.75,20061.75,20084.0,1105.0
2025-03-27T07:05:00-04:00,20083.5,20097.0,20081.75,20096.5,670.0
2025-03-27T07:10:00-04:00,20096.75,20096.75,20058.25,20067.75,1117.0
2025-03-27T07:15:00-04:00,20066.75,20076.5,20057.5,20066.25,639.0
2025-03-27T07:20:00-04:00,20066.0,20068.0,20046.75,20052.25,1063.0
2025-03-27T07:25:00-04:00,20052.5,20055.0,20031.0,20035.5,1182.0
2025-03-27T07:30:00-04:00,20036.25,20050.25,20036.0,20045.5,783.0
2025-03-27T07:35:00-04:00,20046.5,20072.0,20044.75,20071.25,1109.0
2025-03-27T07:40:00-04:00,20071.25,20072.75,20054.75,20070.0,1131.0
2025-03-27T07:45:00-04:00,20071.0,20081.25,20067.25,20079.0,680.0
2025-03-27T07:50:00-04:00,20078.5,20082.25,20070.5,20073.5,660.0
2025-03-27T07:55:00-04:00,20073.75,20094.75,20073.75,20090.25,846.0
2025-03-27T08:00:00-04:00,20088.75,20091.25,20068.75,20070.0,1068.0
2025-03-27T08:05:00-04:00,20070.25,20074.75,20054.0,20067.0,1145.0
2025-03-27T08:10:00-04:00,20067.75,20075.75,20060.25,20067.75,800.0
2025-03-27T08:15:00-04:00,20066.75,20072.25,20060.25,20066.0,816.0
2025-03-27T08:20:00-04:00,20065.5,20066.0,20050.25,20061.75,990.0
2025-03-27T08:25:00-04:00,20061.75,20066.75,20049.5,20057.25,863.0
2025-03-27T08:30:00-04:00,20057.75,20099.25,20051.5,20080.0,3315.0
2025-03-27T08:35:00-04:00,20080.0,20105.25,20076.5,20090.75,1940.0
2025-03-27T08:40:00-04:00,20090.75,20094.0,20072.75,20077.25,1961.0
2025-03-27T08:45:00-04:00,20077.75,20086.0,20061.25,20070.75,2041.0
2025-03-27T08:50:00-04:00,20071.0,20072.25,20057.25,20066.75,1754.0
2025-03-27T08:55:00-04:00,20067.75,20073.25,20060.75,20064.5,1215.0
2025-03-27T09:00:00-04:00,20065.5,20076.0,20056.0,20068.25,2170.0
2025-03-27T09:05:00-04:00,20068.5,20081.75,20061.25,20068.75,1643.0
2025-03-27T09:10:00-04:00,20068.0,20072.5,20053.25,20055.5,1257.0
2025-03-27T09:15:00-04:00,20054.5,20059.5,20042.5,20050.25,1613.0
2025-03-27T09:20:00-04:00,20050.25,20050.25,20033.5,20034.5,1866.0
2025-03-27T09:25:00-04:00,20035.25,20036.25,20011.25,20028.0,4819.0
2025-03-27T09:30:00-04:00,20028.5,20072.25,19976.75,19996.75,20053.0
2025-03-27T09:35:00-04:00,19997.25,20004.5,19944.25,19951.25,15067.0
2025-03-27T09:40:00-04:00,19951.75,19981.5,19937.25,19980.25,12191.0
2025-03-27T09:45:00-04:00,19980.0,20024.75,19960.75,20015.5,13502.0
2025-03-27T09:50:00-04:00,20016.0,20079.25,20000.25,20066.25,14753.0
2025-03-27T09:55:00-04:00,20066.0,20091.0,20062.75,20076.5,10734.0
2025-03-27T10:00:00-04:00,20076.5,20102.75,20066.75,20078.25,9910.0
2025-03-27T10:05:00-04:00,20079.25,20094.0,20038.75,20058.25,10152.0
2025-03-27T10:10:00-04:00,20058.25,20097.0,20027.75,20090.25,9546.0
2025-03-27T10:15:00-04:00,20090.25,20096.0,20060.5,20088.0,7674.0
2025-03-27T10:20:00-04:00,20088.0,20095.75,20047.75,20066.0,6392.0
2025-03-27T10:25:00-04:00,20066.25,20122.0,20060.25,20120.75,8492.0
2025-03-27T10:30:00-04:00,20120.5,20132.5,20106.5,20128.5,8142.0
2025-03-27T10:35:00-04:00,20128.75,20168.75,20124.5,20151.75,9108.0
2025-03-27T10:40:00-04:00,20151.5,20171.25,20140.0,20157.75,6129.0
2025-03-27T10:45:00-04:00,20158.75,20167.75,20140.25,20143.0,5095.0
2025-03-27T10:50:00-04:00,20143.5,20185.5,20130.0,20185.5,6691.0
2025-03-27T10:55:00-04:00,20185.5,20199.5,20170.25,20189.25,5725.0
2025-03-27T11:00:00-04:00,20189.75,20193.75,20164.0,20173.0,4665.0
2025-03-27T11:05:00-04:00,20172.5,20184.75,20148.0,20149.0,4872.0
2025-03-27T11:10:00-04:00,20149.75,20176.0,20144.75,20164.25,5017.0
2025-03-27T11:15:00-04:00,20164.25,20169.5,20140.25,20165.0,4382.0
2025-03-27T11:20:00-04:00,20164.5,20167.0,20138.75,20159.0,4257.0
2025-03-27T11:25:00-04:00,20158.5,20166.75,20131.0,20133.75,4326.0
2025-03-27T11:30:00-04:00,20133.75,20135.25,20091.25,20096.75,8899.0
2025-03-27T11:35:00-04:00,20096.25,20109.0,20073.25,20084.75,6372.0
2025-03-27T11:40:00-04:00,20084.25,20089.5,20059.5,20074.75,6506.0
2025-03-27T11:45:00-04:00,20074.5,20079.5,20048.5,20054.75,5965.0
2025-03-27T11:50:00-04:00,20054.25,20083.25,20053.75,20081.25,5665.0
2025-03-27T11:55:00-04:00,20081.25,20082.0,20040.5,20048.0,4437.0
2025-03-27T12:00:00-04:00,20048.0,20075.5,20039.0,20069.75,5660.0
2025-03-27T12:05:00-04:00,20069.0,20103.75,20063.0,20101.5,6163.0
2025-03-27T12:10:00-04:00,20101.75,20103.0,20079.0,20101.5,3421.0
2025-03-27T12:15:00-04:00,20101.25,20145.5,20095.5,20135.75,6112.0
2025-03-27T12:20:00-04:00,20135.75,20155.75,20110.0,20112.0,6516.0
2025-03-27T12:25:00-04:00,20112.25,20113.25,20073.75,20079.0,5638.0
2025-03-27T12:30:00-04:00,20078.5,20110.75,20077.75,20088.25,4919.0
2025-03-27T12:35:00-04:00,20089.5,20092.75,20069.25,20084.5,4684.0
2025-03-27T12:40:00-04:00,20084.0,20106.75,20077.75,20090.25,3701.0
2025-03-27T12:45:00-04:00,20090.5,20101.25,20045.5,20047.25,5052.0
2025-03-27T12:50:00-04:00,20047.25,20052.5,20025.5,20041.5,5879.0
2025-03-27T12:55:00-04:00,20041.75,20043.0,20006.0,20008.5,4413.0
2025-03-27T13:00:00-04:00,20008.5,20036.75,20001.0,20028.0,5625.0
2025-03-27T13:05:00-04:00,20028.25,20050.75,20014.75,20040.75,4084.0
2025-03-27T13:10:00-04:00,20040.0,20064.25,20034.0,20063.75,3035.0
2025-03-27T13:15:00-04:00,20063.0,20070.75,20048.5,20050.0,3384.0
2025-03-27T13:20:00-04:00,20050.0,20061.5,20032.25,20047.75,3761.0
2025-03-27T13:25:00-04:00,20047.75,20049.5,20006.75,20009.5,3786.0
2025-03-27T13:30:00-04:00,20009.75,20043.75,20006.25,20028.0,4382.0
2025-03-27T13:35:00-04:00,20027.5,20032.75,20004.5,20026.25,3943.0
2025-03-27T13:40:00-04:00,20026.0,20034.75,20015.0,20021.75,2732.0
2025-03-27T13:45:00-04:00,20021.5,20057.5,20021.25,20050.0,4837.0
2025-03-27T13:50:00-04:00,20050.5,20064.75,20007.0,20011.25,4987.0
2025-03-27T13:55:00-04:00,20010.5,20024.75,20008.5,20015.0,2726.0
2025-03-27T14:00:00-04:00,20014.75,20045.75,20011.0,20042.75,3661.0
2025-03-27T14:05:00-04:00,20042.5,20073.5,20042.0,20059.5,4956.0
2025-03-27T14:10:00-04:00,20059.75,20082.25,20052.75,20080.0,3978.0
2025-03-27T14:15:00-04:00,20080.25,20088.0,20057.0,20064.25,4270.0
2025-03-27T14:20:00-04:00,20063.75,20083.0,20054.0,20056.0,3120.0
2025-03-27T14:25:00-04:00,20056.0,20073.25,20043.5,20058.25,4125.0
2025-03-27T14:30:00-04:00,20057.75,20069.25,20038.5,20065.25,3919.0
2025-03-27T14:35:00-04:00,20064.75,20080.75,20059.0,20076.5,3967.0
2025-03-27T14:40:00-04:00,20076.75,20102.0,20070.5,20078.0,4486.0
2025-03-27T14:45:00-04:00,20079.0,20097.75,20078.75,20094.75,3097.0
2025-03-27T14:50:00-04:00,20095.0,20109.25,20083.5,20096.0,5436.0
2025-03-27T14:55:00-04:00,20095.25,20097.0,20040.0,20045.25,5365.0
2025-03-27T15:00:00-04:00,20045.0,20072.0,20037.0,20061.25,4598.0
2025-03-27T15:05:00-04:00,20060.0,20066.5,20044.5,20057.5,4242.0
2025-03-27T15:10:00-04:00,20057.75,20097.75,20051.5,20096.5,4432.0
2025-03-27T15:15:00-04:00,20096.25,20106.5,20083.5,20098.25,4532.0
2025-03-27T15:20:00-04:00,20098.25,20129.75,20094.75,20116.75,5132.0
2025-03-27T15:25:00-04:00,20115.0,20117.5,20099.5,20110.0,3362.0
2025-03-27T15:30:00-04:00,20109.75,20111.75,20067.75,20084.75,6408.0
2025-03-27T15:35:00-04:00,20085.0,20089.0,20060.0,20062.25,3872.0
2025-03-27T15:40:00-04:00,20062.75,20083.75,20052.0,20066.0,4961.0
2025-03-27T15:45:00-04:00,20065.75,20072.75,20055.0,20068.0,3410.0
2025-03-27T15:50:00-04:00,20068.0,20068.0,19975.0,20005.5,14206.0
2025-03-27T15:55:00-04:00,20006.0,20023.5,19984.25,19994.5,16259.0
2025-03-27T16:00:00-04:00,19995.0,20012.75,19989.75,20005.75,6575.0
2025-03-27T16:05:00-04:00,20006.0,20014.5,20001.75,20001.75,2044.0
2025-03-27T16:10:00-04:00,20002.25,20012.25,19999.75,20002.5,1295.0
2025-03-27T16:15:00-04:00,20003.25,20007.5,19993.25,19996.75,1092.0
2025-03-27T16:20:00-04:00,19997.0,20000.0,19988.0,19996.75,678.0
2025-03-27T16:25:00-04:00,19997.0,20004.75,19995.5,20003.0,663.0
2025-03-27T16:30:00-04:00,20002.5,20005.5,19999.75,20004.5,380.0
2025-03-27T16:35:00-04:00,20004.25,20011.5,20003.5,20009.25,373.0
2025-03-27T16:40:00-04:00,20009.5,20015.5,20009.5,20013.25,477.0
2025-03-27T16:45:00-04:00,20013.5,20019.0,20013.0,20014.5,680.0
2025-03-27T16:50:00-04:00,20014.25,20017.5,20009.0,20010.5,381.0
2025-03-27T16:55:00-04:00,20011.25,20011.5,19996.5,19997.25,508.0
2025-03-27T18:00:00-04:00,19995.25,20011.75,19990.75,20000.0,734.0
2025-03-27T18:05:00-04:00,19999.75,20001.5,19985.0,19985.75,456.0
2025-03-27T18:10:00-04:00,19986.75,19993.25,19983.25,19988.0,298.0
2025-03-27T18:15:00-04:00,19987.5,19997.75,19983.75,19994.25,337.0
2025-03-27T18:20:00-04:00,19995.0,20000.25,19994.0,19996.75,217.0
2025-03-27T18:25:00-04:00,19996.25,20000.0,19992.25,19993.25,187.0
2025-03-27T18:30:00-04:00,19994.0,20001.0,19993.25,19993.75,236.0
2025-03-27T18:35:00-04:00,19993.0,20008.0,19992.75,20006.5,217.0
2025-03-27T18:40:00-04:00,20006.5,20006.5,20001.0,20002.25,125.0
2025-03-27T18:45:00-04:00,20002.75,20003.5,19995.0,19996.0,165.0
2025-03-27T18:50:00-04:00,19996.75,19998.25,19989.75,19989.75,179.0
2025-03-27T18:55:00-04:00,19989.5,19992.5,19988.75,19991.0,127.0
2025-03-27T19:00:00-04:00,19992.0,19996.0,19968.5,19969.0,710.0
2025-03-27T19:05:00-04:00,19971.0,19971.25,19956.0,19960.5,604.0
2025-03-27T19:10:00-04:00,19959.75,19968.25,19956.0,19962.75,380.0
2025-03-27T19:15:00-04:00,19963.25,19972.75,19957.0,19967.5,347.0
2025-03-27T19:20:00-04:00,19968.0,19972.25,19964.0,19967.25,320.0
2025-03-27T19:25:00-04:00,19967.75,19972.5,19963.75,19971.5,252.0
2025-03-27T19:30:00-04:00,19971.25,19972.75,19957.75,19959.75,323.0
2025-03-27T19:35:00-04:00,19958.75,19965.5,19953.5,19956.5,467.0
2025-03-27T19:40:00-04:00,19955.5,19964.25,19954.25,19963.75,260.0
2025-03-27T19:45:00-04:00,19963.25,19968.5,19958.25,19967.5,218.0
2025-03-27T19:50:00-04:00,19969.5,19973.5,19967.25,19969.75,251.0
2025-03-27T19:55:00-04:00,19970.75,19975.5,19963.75,19964.75,251.0
2025-03-27T20:00:00-04:00,19965.0,19970.75,19931.25,19945.5,1105.0
2025-03-27T20:05:00-04:00,19944.0,19952.5,19935.75,19945.25,443.0
2025-03-27T20:10:00-04:00,19946.5,19955.25,19934.75,19942.5,560.0
2025-03-27T20:15:00-04:00,19942.0,19959.0,19941.75,19959.0,450.0
2025-03-27T20:20:00-04:00,19958.25,19961.75,19952.0,19960.25,263.0
2025-03-27T20:25:00-04:00,19961.75,19964.75,19959.5,19961.5,186.0
2025-03-27T20:30:00-04:00,19961.5,19967.5,19961.0,19964.25,274.0
2025-03-27T20:35:00-04:00,19964.0,19978.75,19962.5,19971.75,378.0
2025-03-27T20:40:00-04:00,19972.0,19974.0,19966.75,19969.5,242.0
2025-03-27T20:45:00-04:00,19968.5,19974.25,19966.5,19973.75,213.0
2025-03-27T20:50:00-04:00,19974.5,19986.75,19973.25,19984.0,445.0
2025-03-27T20:55:00-04:00,19984.25,19985.75,19980.25,19984.0,280.0
2025-03-27T21:00:00-04:00,19984.0,19988.5,19980.5,19982.5,285.0
2025-03-27T21:05:00-04:00,19983.0,19983.5,19978.25,19979.5,166.0
2025-03-27T21:10:00-04:00,19980.75,19982.5,19975.5,19978.75,351.0
2025-03-27T21:15:00-04:00,19978.25,19991.5,19978.25,19989.0,409.0
2025-03-27T21:20:00-04:00,19989.0,19991.75,19985.25,19991.25,266.0
2025-03-27T21:25:00-04:00,19991.25,19991.25,19983.5,19988.0,209.0
2025-03-27T21:30:00-04:00,19989.0,19990.0,19983.75,19989.0,193.0
2025-03-27T21:35:00-04:00,19989.0,19990.25,19985.25,19987.0,142.0
2025-03-27T21:40:00-04:00,19987.5,19989.25,19981.75,19984.25,211.0
2025-03-27T21:45:00-04:00,19983.25,19983.25,19974.0,19978.25,343.0
2025-03-27T21:50:00-04:00,19978.5,19978.5,19971.75,19975.0,229.0
2025-03-27T21:55:00-04:00,19975.25,19975.25,19960.75,19964.75,437.0
2025-03-27T22:00:00-04:00,19965.25,19980.5,19963.25,19978.25,388.0
2025-03-27T22:05:00-04:00,19977.75,19985.0,19974.5,19983.75,230.0
2025-03-27T22:10:00-04:00,19984.25,19986.0,19979.5,19981.0,165.0
2025-03-27T22:15:00-04:00,19981.5,19987.5,19980.75,19987.0,155.0
2025-03-27T22:20:00-04:00,19986.0,19988.75,19985.25,19986.5,132.0
2025-03-27T22:25:00-04:00,19987.0,19989.25,19986.5,19987.5,88.0
2025-03-27T22:30:00-04:00,19989.0,19995.5,19985.25,19992.75,461.0
2025-03-27T22:35:00-04:00,19992.75,19998.0,19990.5,19995.75,215.0
2025-03-27T22:40:00-04:00,19995.25,19996.25,19991.25,19994.25,98.0
2025-03-27T22:45:00-04:00,19993.5,19995.0,19991.5,19991.75,84.0
2025-03-27T22:50:00-04:00,19991.0,19993.0,19984.25,19986.25,259.0
2025-03-27T22:55:00-04:00,19986.0,19990.5,19982.5,19983.25,222.0
2025-03-27T23:00:00-04:00,19984.25,19985.0,19979.0,19979.75,218.0
2025-03-27T23:05:00-04:00,19980.25,19983.5,19979.75,19981.5,97.0
2025-03-27T23:10:00-04:00,19980.0,19986.0,19979.75,19985.0,112.0
2025-03-27T23:15:00-04:00,19984.75,19986.25,19981.75,19985.0,108.0
2025-03-27T23:20:00-04:00,19985.0,19986.25,19982.0,19982.0,74.0
2025-03-27T23:25:00-04:00,19983.0,19985.5,19981.75,19985.25,57.0
2025-03-27T23:30:00-04:00,19984.0,19993.25,19983.5,19986.75,285.0
2025-03-27T23:35:00-04:00,19985.5,19987.25,19968.25,19973.75,468.0
2025-03-27T23:40:00-04:00,19973.75,19978.5,19971.0,19974.75,211.0
2025-03-27T23:45:00-04:00,19975.75,19980.5,19973.75,19980.25,256.0
2025-03-27T23:50:00-04:00,19980.25,19981.5,19976.75,19981.5,85.0
2025-03-27T23:55:00-04:00,19981.75,19991.5,19981.0,19989.25,240.0
2025-03-28T00:00:00-04:00,19988.75,19991.0,19980.25,19981.0,205.0
2025-03-28T00:05:00-04:00,19981.5,19983.5,19972.75,19973.5,209.0
2025-03-28T00:10:00-04:00,19973.5,19975.75,19968.5,19969.5,223.0
2025-03-28T00:15:00-04:00,19969.25,19971.5,19966.25,19971.5,194.0
2025-03-28T00:20:00-04:00,19971.25,19973.75,19968.0,19972.0,219.0
2025-03-28T00:25:00-04:00,19972.0,19974.0,19969.75,19972.25,150.0
2025-03-28T00:30:00-04:00,19972.0,19980.0,19971.0,19980.0,292.0
2025-03-28T00:35:00-04:00,19980.0,19981.25,19978.0,19979.75,129.0
2025-03-28T00:40:00-04:00,19980.25,19983.25,19978.0,19982.0,135.0
2025-03-28T00:45:00-04:00,19981.25,19982.75,19979.75,19980.5,69.0
2025-03-28T00:50:00-04:00,19980.0,19981.5,19978.0,19978.75,69.0
2025-03-28T00:55:00-04:00,19978.5,19982.0,19975.0,19982.0,199.0
2025-03-28T01:00:00-04:00,19982.25,19988.25,19978.5,19987.0,219.0
2025-03-28T01:05:00-04:00,19987.75,19989.5,19983.25,19986.5,126.0
2025-03-28T01:10:00-04:00,19986.25,19988.25,19980.75,19983.5,125.0
2025-03-28T01:15:00-04:00,19983.0,19986.25,19980.75,19982.25,94.0
2025-03-28T01:20:00-04:00,19980.75,19984.5,19977.5,19979.0,169.0
2025-03-28T01:25:00-04:00,19979.0,19979.0,19975.0,19975.75,158.0
2025-03-28T01:30:00-04:00,19975.75,19976.75,19966.75,19968.75,339.0
2025-03-28T01:35:00-04:00,19968.25,19975.5,19966.75,19972.5,181.0
2025-03-28T01:40:00-04:00,19972.25,19974.0,19969.0,19972.0,106.0
2025-03-28T01:45:00-04:00,19971.5,19972.0,19964.25,19970.0,238.0
2025-03-28T01:50:00-04:00,19970.5,19973.75,19967.0,19973.0,101.0
2025-03-28T01:55:00-04:00,19971.5,19977.0,19971.0,19976.0,84.0
2025-03-28T02:00:00-04:00,19974.75,19987.5,19970.0,19987.5,319.0
2025-03-28T02:05:00-04:00,19987.75,19993.25,19987.75,19992.5,210.0
2025-03-28T02:10:00-04:00,19993.5,20002.5,19992.25,19998.5,421.0
2025-03-28T02:15:00-04:00,19998.75,20003.5,19995.75,19999.75,288.0
2025-03-28T02:20:00-04:00,19999.0,20008.75,19995.5,20004.0,450.0
2025-03-28T02:25:00-04:00,20003.5,20005.25,19999.0,20001.75,203.0
2025-03-28T02:30:00-04:00,20001.75,20003.5,19987.75,19991.75,287.0
2025-03-28T02:35:00-04:00,19990.0,19992.75,19984.25,19986.75,303.0
2025-03-28T02:40:00-04:00,19987.25,19991.0,19983.0,19983.0,179.0
2025-03-28T02:45:00-04:00,19983.5,19984.0,19970.5,19972.25,571.0
2025-03-28T02:50:00-04:00,19972.75,19972.75,19937.0,19941.5,1159.0
2025-03-28T02:55:00-04:00,19941.25,19943.5,19921.0,19923.0,1272.0
2025-03-28T03:00:00-04:00,19924.5,19934.25,19911.5,19928.25,1365.0
2025-03-28T03:05:00-04:00,19928.75,19939.75,19920.75,19938.0,801.0
2025-03-28T03:10:00-04:00,19935.75,19936.5,19923.0,19927.75,648.0
2025-03-28T03:15:00-04:00,19928.5,19942.5,19922.0,19939.0,705.0
2025-03-28T03:20:00-04:00,19938.25,19945.25,19933.5,19940.25,671.0
2025-03-28T03:25:00-04:00,19940.25,19941.75,19922.25,19929.25,754.0
2025-03-28T03:30:00-04:00,19930.5,19930.75,19905.25,19908.75,961.0
2025-03-28T03:35:00-04:00,19909.0,19924.0,19902.5,19918.75,700.0
2025-03-28T03:40:00-04:00,19917.5,19923.0,19890.5,19894.0,1006.0
2025-03-28T03:45:00-04:00,19894.5,19902.25,19864.0,19881.25,2131.0
2025-03-28T03:50:00-04:00,19880.75,19887.25,19856.25,19857.5,1049.0
2025-03-28T03:55:00-04:00,19856.75,19867.75,19845.25,19857.5,1654.0
2025-03-28T04:00:00-04:00,19857.25,19890.25,19855.0,19890.0,2201.0
2025-03-28T04:05:00-04:00,19889.0,19899.0,19876.0,19898.25,1238.0
2025-03-28T04:10:00-04:00,19898.0,19899.25,19873.5,19878.75,961.0
2025-03-28T04:15:00-04:00,19878.25,19888.5,19874.0,19888.5,720.0
2025-03-28T04:20:00-04:00,19888.75,19891.75,19869.5,19874.5,632.0
2025-03-28T04:25:00-04:00,19876.0,19877.25,19853.75,19868.5,832.0
2025-03-28T04:30:00-04:00,19870.0,19872.5,19853.0,19858.5,796.0
2025-03-28T04:35:00-04:00,19858.25,19882.5,19853.25,19881.0,1000.0
2025-03-28T04:40:00-04:00,19881.25,19893.25,19875.25,19892.5,622.0
2025-03-28T04:45:00-04:00,19894.0,19907.5,19888.0,19906.75,864.0
2025-03-28T04:50:00-04:00,19905.75,19908.5,19896.0,19904.75,692.0
2025-03-28T04:55:00-04:00,19904.25,19911.75,19900.75,19904.75,675.0
2025-03-28T05:00:00-04:00,19905.5,19916.75,19902.25,19914.0,782.0
2025-03-28T05:05:00-04:00,19914.0,19917.0,19906.5,19911.0,572.0
2025-03-28T05:10:00-04:00,19910.5,19922.0,19905.0,19922.0,695.0
2025-03-28T05:15:00-04:00,19920.75,19920.75,19913.75,19917.0,421.0
2025-03-28T05:20:00-04:00,19918.5,19922.75,19908.5,19920.5,550.0
2025-03-28T05:25:00-04:00,19920.5,19922.25,19913.5,19919.25,309.0
2025-03-28T05:30:00-04:00,19919.25,19926.75,19908.25,19925.5,539.0
2025-03-28T05:35:00-04:00,19925.5,19929.0,19913.0,19916.75,596.0
2025-03-28T05:40:00-04:00,19915.75,19928.0,19913.25,19922.5,558.0
2025-03-28T05:45:00-04:00,19923.0,19923.0,19904.75,19908.25,621.0
2025-03-28T05:50:00-04:00,19909.0,19909.75,19897.75,19903.75,659.0
2025-03-28T05:55:00-04:00,19904.25,19911.0,19898.5,19909.5,400.0
2025-03-28T06:00:00-04:00,19909.75,19920.25,19906.75,19917.75,391.0
2025-03-28T06:05:00-04:00,19918.5,19929.5,19910.0,19926.5,487.0
2025-03-28T06:10:00-04:00,19927.0,19951.25,19926.5,19942.75,1161.0
2025-03-28T06:15:00-04:00,19944.0,19946.75,19936.75,19943.75,517.0
2025-03-28T06:20:00-04:00,19944.0,19955.75,19941.5,19949.25,829.0
2025-03-28T06:25:00-04:00,19949.25,19953.0,19943.75,19949.75,660.0
2025-03-28T06:30:00-04:00,19950.25,19956.25,19947.0,19955.0,514.0
2025-03-28T06:35:00-04:00,19954.0,19962.75,19952.25,19961.0,573.0
2025-03-28T06:40:00-04:00,19960.75,19969.0,19959.5,19962.75,585.0
2025-03-28T06:45:00-04:00,19963.25,19969.75,19956.5,19961.5,733.0
2025-03-28T06:50:00-04:00,19962.0,19964.75,19943.5,19943.5,687.0
2025-03-28T06:55:00-04:00,19943.75,19952.25,19940.25,19951.0,469.0
2025-03-28T07:00:00-04:00,19951.0,19958.25,19930.25,19933.0,684.0
2025-03-28T07:05:00-04:00,19933.25,19936.5,19924.5,19927.75,573.0
2025-03-28T07:10:00-04:00,19928.25,19934.75,19921.5,19922.5,508.0
2025-03-28T07:15:00-04:00,19922.75,19944.0,19922.75,19940.75,588.0
2025-03-28T07:20:00-04:00,19940.5,19951.75,19939.5,19945.5,496.0
2025-03-28T07:25:00-04:00,19945.25,19946.5,19928.5,19931.25,561.0
2025-03-28T07:30:00-04:00,19930.25,19930.25,19908.75,19923.5,1011.0
2025-03-28T07:35:00-04:00,19924.0,19935.0,19911.5,19930.25,713.0
2025-03-28T07:40:00-04:00,19930.25,19941.25,19929.75,19935.75,521.0
2025-03-28T07:45:00-04:00,19936.75,19945.25,19930.0,19943.5,669.0
2025-03-28T07:50:00-04:00,19942.75,19944.0,19925.0,19934.25,719.0
2025-03-28T07:55:00-04:00,19936.0,19948.75,19935.25,19948.75,485.0
2025-03-28T08:00:00-04:00,19948.75,19955.25,19936.5,19944.0,1227.0
2025-03-28T08:05:00-04:00,19942.5,19948.25,19934.5,19943.5,646.0
2025-03-28T08:10:00-04:00,19943.25,19946.0,19926.5,19930.5,758.0
2025-03-28T08:15:00-04:00,19930.5,19947.75,19926.5,19936.0,703.0
2025-03-28T08:20:00-04:00,19936.0,19950.25,19933.75,19942.5,735.0
2025-03-28T08:25:00-04:00,19941.5,19942.0,19931.0,19932.5,915.0
2025-03-28T08:30:00-04:00,19932.0,19938.75,19890.25,19902.75,4684.0
2025-03-28T08:35:00-04:00,19901.75,19910.0,19870.25,19870.25,3165.0
2025-03-28T08:40:00-04:00,19872.0,19889.0,19863.25,19881.5,2886.0
2025-03-28T08:45:00-04:00,19882.25,19893.25,19870.75,19884.0,1850.0
2025-03-28T08:50:00-04:00,19884.25,19894.25,19878.5,19890.5,1253.0
2025-03-28T08:55:00-04:00,19891.0,19897.75,19863.75,19863.75,1571.0
2025-03-28T09:00:00-04:00,19864.75,19870.25,19853.5,19857.25,2389.0
2025-03-28T09:05:00-04:00,19856.5,19908.5,19852.25,19897.75,5590.0
2025-03-28T09:10:00-04:00,19897.25,19941.5,19888.5,19939.25,4601.0
2025-03-28T09:15:00-04:00,19938.75,19966.0,19937.75,19950.25,4609.0
2025-03-28T09:20:00-04:00,19950.0,19953.0,19934.75,19944.25,1952.0
2025-03-28T09:25:00-04:00,19944.0,19944.0,19900.5,19910.25,4054.0
2025-03-28T09:30:00-04:00,19911.0,19917.25,19840.0,19867.0,14191.0
2025-03-28T09:35:00-04:00,19865.75,19920.75,19860.75,19909.5,12789.0
2025-03-28T09:40:00-04:00,19909.75,19941.5,19879.25,19882.25,13563.0
2025-03-28T09:45:00-04:00,19881.75,19919.25,19871.75,19909.0,7973.0
2025-03-28T09:50:00-04:00,19909.0,19922.75,19845.75,19865.75,9462.0
2025-03-28T09:55:00-04:00,19866.75,19871.75,19843.25,19856.0,5987.0
2025-03-28T10:00:00-04:00,19856.5,19879.0,19814.0,19839.5,12359.0
2025-03-28T10:05:00-04:00,19839.75,19843.75,19745.25,19758.5,14330.0
2025-03-28T10:10:00-04:00,19758.25,19766.0,19700.75,19718.0,12194.0
2025-03-28T10:15:00-04:00,19717.5,19722.0,19680.0,19691.5,11744.0
2025-03-28T10:20:00-04:00,19691.5,19705.75,19671.5,19686.25,8952.0
2025-03-28T10:25:00-04:00,19687.0,19687.5,19631.25,19638.75,11520.0
2025-03-28T10:30:00-04:00,19638.75,19660.75,19605.0,19617.75,13423.0
2025-03-28T10:35:00-04:00,19617.5,19640.0,19586.5,19635.25,12563.0
2025-03-28T10:40:00-04:00,19635.0,19650.0,19615.0,19645.75,9797.0
2025-03-28T10:45:00-04:00,19645.5,19646.25,19606.5,19616.0,8337.0
2025-03-28T10:50:00-04:00,19615.5,19638.5,19606.25,19621.5,6597.0
2025-03-28T10:55:00-04:00,19622.0,19623.25,19575.75,19605.25,9774.0
2025-03-28T11:00:00-04:00,19605.25,19609.25,19555.25,19561.25,11137.0
2025-03-28T11:05:00-04:00,19561.0,19582.5,19555.0,19575.75,7093.0
2025-03-28T11:10:00-04:00,19574.5,19620.25,19572.75,19608.75,11313.0
2025-03-28T11:15:00-04:00,19608.25,19621.25,19585.0,19587.75,7152.0
2025-03-28T11:20:00-04:00,19587.5,19600.25,19558.5,19566.5,6628.0
2025-03-28T11:25:00-04:00,19566.5,19608.0,19566.25,19600.75,7221.0
2025-03-28T11:30:00-04:00,19600.75,19628.5,19590.25,19623.75,7697.0
2025-03-28T11:35:00-04:00,19623.0,19632.0,19613.0,19620.0,4537.0
2025-03-28T11:40:00-04:00,19619.25,19627.5,19581.0,19602.75,6111.0
2025-03-28T11:45:00-04:00,19602.25,19611.5,19587.75,19607.5,3771.0
2025-03-28T11:50:00-04:00,19607.25,19609.5,19564.75,19567.0,5099.0
2025-03-28T11:55:00-04:00,19566.75,19573.25,19542.0,19542.25,6532.0
2025-03-28T12:00:00-04:00,19542.75,19569.5,19541.25,19568.25,5966.0
2025-03-28T12:05:00-04:00,19568.25,19582.5,19555.75,19558.0,4732.0
2025-03-28T12:10:00-04:00,19558.0,19577.0,19549.0,19551.0,3875.0
2025-03-28T12:15:00-04:00,19550.5,19554.25,19495.5,19496.25,10394.0
2025-03-28T12:20:00-04:00,19496.5,19508.0,19485.25,19496.5,5667.0
2025-03-28T12:25:00-04:00,19496.75,19510.25,19486.5,19501.25,5509.0
2025-03-28T12:30:00-04:00,19501.75,19525.75,19500.25,19523.25,6036.0
2025-03-28T12:35:00-04:00,19523.5,19532.0,19508.0,19510.0,5398.0
2025-03-28T12:40:00-04:00,19509.75,19530.0,19505.0,19506.0,4034.0
2025-03-28T12:45:00-04:00,19505.75,19527.75,19503.25,19515.5,3937.0
2025-03-28T12:50:00-04:00,19515.25,19532.75,19511.75,19525.0,4075.0
2025-03-28T12:55:00-04:00,19524.75,19524.75,19488.75,19493.0,5092.0
2025-03-28T13:00:00-04:00,19492.5,19492.75,19468.0,19484.5,6191.0
2025-03-28T13:05:00-04:00,19483.75,19486.75,19457.75,19459.25,5729.0
2025-03-28T13:10:00-04:00,19458.75,19469.5,19453.5,19460.5,3877.0
2025-03-28T13:15:00-04:00,19460.0,19500.0,19450.0,19480.5,8198.0
2025-03-28T13:20:00-04:00,19480.5,19489.0,19464.75,19464.75,3454.0
2025-03-28T13:25:00-04:00,19464.75,19468.25,19439.0,19452.75,7084.0
2025-03-28T13:30:00-04:00,19452.5,19468.75,19447.75,19456.5,5246.0
2025-03-28T13:35:00-04:00,19456.25,19465.0,19440.0,19463.75,4295.0
2025-03-28T13:40:00-04:00,19463.25,19473.5,19451.75,19456.5,4243.0
2025-03-28T13:45:00-04:00,19456.0,19478.0,19452.25,19455.5,4254.0
2025-03-28T13:50:00-04:00,19455.5,19461.5,19448.0,19451.25,2990.0
2025-03-28T13:55:00-04:00,19451.0,19485.0,19449.75,19482.75,4333.0
2025-03-28T14:00:00-04:00,19482.75,19495.0,19470.75,19477.75,5255.0
2025-03-28T14:05:00-04:00,19478.0,19498.5,19471.75,19496.5,3803.0
2025-03-28T14:10:00-04:00,19496.75,19518.5,19486.5,19491.0,6094.0
2025-03-28T14:15:00-04:00,19491.5,19503.75,19473.75,19491.5,4867.0
2025-03-28T14:20:00-04:00,19491.25,19495.5,19466.0,19468.5,3667.0
2025-03-28T14:25:00-04:00,19469.0,19484.0,19463.0,19475.25,3412.0
2025-03-28T14:30:00-04:00,19474.25,19493.25,19469.5,19486.5,3225.0
2025-03-28T14:35:00-04:00,19486.0,19490.5,19459.25,19460.5,3715.0
2025-03-28T14:40:00-04:00,19460.5,19465.5,19456.5,19461.75,2633.0
2025-03-28T14:45:00-04:00,19461.0,19467.75,19444.25,19449.75,3924.0
2025-03-28T14:50:00-04:00,19449.75,19470.5,19447.0,19467.25,4063.0
2025-03-28T14:55:00-04:00,19467.75,19482.0,19464.5,19481.5,3931.0
2025-03-28T15:00:00-04:00,19481.5,19489.5,19472.5,19480.0,4488.0
2025-03-28T15:05:00-04:00,19479.5,19504.25,19479.5,19493.25,4694.0
2025-03-28T15:10:00-04:00,19493.5,19494.25,19466.5,19479.0,4492.0
2025-03-28T15:15:00-04:00,19479.25,19486.25,19461.5,19481.5,4368.0
2025-03-28T15:20:00-04:00,19480.75,19484.75,19456.25,19473.75,3571.0
2025-03-28T15:25:00-04:00,19474.0,19477.0,19455.25,19459.0,3587.0
2025-03-28T15:30:00-04:00,19459.25,19465.5,19426.5,19427.0,6741.0
2025-03-28T15:35:00-04:00,19427.75,19447.75,19421.5,19441.75,5438.0
2025-03-28T15:40:00-04:00,19442.0,19445.25,19423.75,19435.75,4331.0
2025-03-28T15:45:00-04:00,19435.75,19454.25,19423.5,19452.5,6293.0
2025-03-28T15:50:00-04:00,19452.5,19474.25,19430.25,19470.25,12754.0
2025-03-28T15:55:00-04:00,19470.75,19481.5,19451.0,19461.5,22943.0
2025-03-28T16:00:00-04:00,19461.5,19463.0,19442.0,19451.0,9119.0
2025-03-28T16:05:00-04:00,19451.5,19451.75,19413.25,19414.25,4688.0
2025-03-28T16:10:00-04:00,19414.25,19420.0,19410.5,19412.5,2369.0
2025-03-28T16:15:00-04:00,19412.0,19413.75,19383.5,19403.0,2961.0
2025-03-28T16:20:00-04:00,19402.5,19410.5,19393.25,19406.5,1774.0
2025-03-28T16:25:00-04:00,19406.0,19406.5,19388.5,19389.75,1250.0
2025-03-28T16:30:00-04:00,19389.75,19397.25,19385.0,19394.75,1177.0
2025-03-28T16:35:00-04:00,19394.25,19396.0,19382.25,19388.75,972.0
2025-03-28T16:40:00-04:00,19388.25,19393.75,19385.5,19390.0,650.0
2025-03-28T16:45:00-04:00,19390.25,19394.75,19385.25,19386.5,724.0
2025-03-28T16:50:00-04:00,19385.75,19389.25,19372.0,19373.75,947.0
2025-03-28T16:55:00-04:00,19373.25,19374.75,19357.5,19361.0,1149.0
